x_m,y_m,psi_rad,vx_mps,vy_mps,r_radps
0.80898235165576,0.4533290851307208,2.0072609,2.5708741,0,1.6657485123122802
0.9033834466317207,0.4842795016085267,2.0660998,2.5789965,0,1.3811926652599502
0.9964617705420113,0.5204205760174455,2.1150028,2.614765,0,1.2022998012269999
1.088271098923205,0.5610548404287048,2.159399,2.6657698,0,1.13136789800786
1.1778166795441893,0.6053178418830889,2.1997008,2.7205013,0,1.04677843925633
1.2657346266341618,0.6530762232007677,2.2365998,2.7801919,0,0.9825326063427401
1.3518790384219699,0.7039032964241251,2.2706933,2.8426981,0,0.93464274874432
1.4362395606856255,0.7574916570475223,2.3023529,2.9064141,0,0.88728114082158
1.518964967351118,0.8136660041327254,2.3320493,2.9713751,0,0.86187141589331
1.5998411009192965,0.8720760071421599,2.3602988,3.0355183,0,0.84729329521312
1.6791537234031462,0.9327963003972519,2.3880189,3.0979626,0,0.85109459080272
1.75652598971444,0.9954252894514766,2.4138973,3.1571111,0,0.75562739062954
1.8324806806800837,1.0599576915952338,2.4356239,3.1812621,0,0.6527727140853
1.907454366441062,1.126365856114245,2.4554918,3.1041393,0,0.59019962794083
1.98035998767282,1.1935272260189116,2.4755719,3.0235411,0,0.67473433893833
2.0528621451294478,1.263363727642234,2.5001016,2.9521072,0,0.80447607617552
2.122676586584621,1.334435952363796,2.5315613,2.900984,0,1.0386816558863998
2.1902034155727974,1.4082757100320167,2.5713188,2.8678913,0,1.2395840679729202
2.25454940649165,1.485049653949735,2.6177938,2.8508048,0,1.41055341303824
2.314785724138334,1.5645476276848422,2.6690051,2.8414605,0,1.4935742155240503
2.371098624813383,1.647615900131078,2.7231842,2.8404607,0,1.5777935454897
2.4224075762536668,1.733087439502957,2.7787164,2.8399381,0,1.58286108356456
2.46908827193876,1.8216894687988803,2.8347276,2.8395835,0,1.5847394640564498
2.5106478527326406,1.9124040091624679,2.8886985,2.8392288,0,1.48872378429792
2.5474885157314135,2.0054015716663356,2.9395461,2.8484729,0,1.3832352462301098
2.579749221629258,2.0999206392683427,2.984698,2.8676928,0,1.201584790896
2.608058456408722,2.195820208884328,3.0231691,2.90384,0,0.9958208204160002
2.633061747389263,2.292573498927832,3.052642,2.9583081,0,0.73148634817731
2.6556812009665958,2.3899861288571835,3.0726526,3.0358264,0,0.46441374027127996
2.676791429284393,2.487653859092254,3.0832215,3.1355189,0,0.18312214255725
2.697340944591161,2.585637326622021,3.0858243,3.2426736,0,0.04228381520928
2.7176928172555037,2.683350292052175,3.0864368,3.3447732,0,-0.0029086147747200003
2.7381115907575686,2.7814323039399893,3.0863832,3.4423412,0,0.0161342532044
2.758354112374553,2.8789008662023203,3.087467,3.5358174,0,0.06085035670878001
2.7785594364690915,2.9769363531460016,3.0891681,3.6255747,0,0.05720866830624
2.7985346893452467,3.074633320290451,3.090633,3.7119336,0,0.06294065970168
2.818372442029431,3.172652452776314,3.0935986,3.6701654,0,0.15579631913076
2.837775870801571,3.270669263748384,3.0992047,3.5709095,0,0.25750292622735
2.856470267850167,3.368838846560166,3.1082386,3.4803134,0,0.37886413247328
2.874094777099529,3.4672387982002415,3.121284,3.4017218,0,0.5314921576477799
2.8901541340044683,3.565753329894199,3.139639,3.3378631,0,0.70713798025585
2.9041639584144225,3.6648244902363607,-3.1197624,3.2873707,0,0.8637826216535299
2.9155332668092826,3.7639313451723972,-3.0910148,3.2503329,0,1.01575568397978
2.923844888802054,3.86364211638283,-3.0578713,3.2233353,0,1.128779788707
2.928652685079761,3.96338646985726,-3.0210735,3.2055411,0,1.22924936108004
2.929642583215442,4.0632838815791406,-2.9815109,3.1948795,0,1.30561977595795
2.926556966961394,4.1632023671974325,-2.9396645,3.1891277,0,1.3574152116236797
2.919243228795275,4.2626922830819955,-2.8965358,3.1875296,0,1.39973923574208
2.907552195062348,4.362085548561482,-2.8524343,3.1868092,0,1.4088434133102798
2.8915159365841623,4.460646813846738,-2.8081365,3.1864112,0,1.41224707746416
2.8711199903313953,4.558483142473963,-2.7640668,3.1860132,0,1.3985192916178801
2.846436510623572,4.655395415950357,-2.720457,3.1870045,0,1.37548660226535
2.8176924845829023,4.750845875290548,-2.6778605,3.1902516,0,1.3504855033810799
2.7847746337288517,4.845484244317283,-2.6360466,3.1958497,0,1.31482082391047
2.7481124737762537,4.938375639267354,-2.5955032,3.2047564,0,1.28246851998024
2.707776066344994,5.0297119449223855,-2.5561456,3.2164945,0,1.2487843690085498
2.6638140502619065,5.119638322794233,-2.5178056,3.2310733,0,1.2213211512429198
2.6166739443164713,5.207495594649744,-2.4806173,3.2477537,0,1.19873809606112
2.566184766639971,5.293791917758442,-2.4439051,3.2659658,0,1.19160362536242
2.51261522774795,5.378127750096461,-2.4073967,3.2841171,0,1.21231245117411
2.456076967532677,5.460288195352861,-2.3702258,3.2994506,0,1.24291095970144
2.396376741694767,5.540405921311057,-2.3319884,3.3111037,0,1.2837009978544598
2.3337445414321367,5.618034647264674,-2.2938048,3.3182128,0,1.2194398857872
2.268172759945129,5.693480042293928,-2.2590622,3.3314325,0,1.0940054540992499
2.2003492195656507,5.76651658717629,-2.2278263,3.3565778,0,0.9981908541863002
2.1304524859202227,5.837441130689801,-2.199429,3.3272306,0,0.9310769058432401
2.0578574297951118,5.907093420437103,-2.1717783,3.2847893,0,0.8825052894530601
1.984534820200382,5.973727847066427,-2.1450735,3.2354126,0,0.8758828105405
1.9084782451911033,6.039182080079411,-2.1175305,3.1853942,0,0.91217298704562
1.8308683055323733,6.102166916340993,-2.0868661,3.1453479,0,1.0312872334082999
1.7512430535399846,6.162566183965349,-2.0518911,3.1165491,0,1.1582542534382398
1.6692352376522834,6.220099313851432,-2.0125418,3.0992046,0,1.28179259242296
1.5852964074996545,6.273983234213708,-1.9700919,3.0877084,0,1.3459848913736399
1.4987312984293395,6.324362770335277,-1.9252229,3.0828983,0,1.41534196187918
1.4102286799925356,6.370591737826554,-1.8789414,3.0807824,0,1.4433363878180798
1.3195270814780657,6.4126873031431035,-1.8315745,3.0803977,0,1.46085026956616
1.2270028751942301,6.4504202480362105,-1.7846017,3.0800129,0,1.4364964564697
1.1327914675607276,6.483813899561074,-1.7385515,3.0820792,0,1.38486633202512
1.0372265680132964,6.512932914832532,-1.6950257,3.0891988,0,1.30443149281328
0.9404462500421762,6.538025042354702,-1.6546564,3.1039913,0,1.1821898513075602
0.8429239146932053,6.559385958081629,-1.6189756,3.1210584,0,1.04261483909304
0.7445098713447255,6.577545581929702,-1.5886227,3.0820796,0,0.83615648357752
0.6458861227256665,6.592991370294647,-1.5647491,3.0200278,0,0.62069906566728
0.5466944601332488,6.60645749719892,-1.5479877,2.932594,0,0.3783923105606
0.4474895094638671,6.618625837099479,-1.5390331,2.8149956,0,0.13783879305004001
0.34826211536172086,6.630309083831332,-1.538401,2.6647147,0,-0.09940265186851
0.24879107573916176,6.642401130881657,-1.5466084,2.5219834,0,-0.31860796348382
0.1502798610423635,6.655644471270747,-1.563843,2.3903309,0,-0.53172958677118
0.05087380354865771,6.671254713047481,-1.5908396,2.2666675,0,-0.71676083684825
-0.047166054106646656,6.689861237496384,-1.6275675,2.149947,0,-0.8959319336916001
-0.1443249607527336,6.712526691677294,-1.6741159,2.0381514,0,-1.0609124261575198
-0.2409114665987874,6.740434270763632,-1.7316802,1.9277866,0,-1.20056149196488
-0.33471517409380497,6.774024807145912,-1.7996187,1.8173816,0,-1.339882758416
-0.425598541183723,6.814323458208809,-1.8788163,1.7045655,0,-1.4756893993578
-0.5138907531658526,6.863015945625686,-1.9731795,1.5863129,0,-1.6111843826965202
-0.5963657320962966,6.920269245292716,-2.0852657,1.4613763,0,-1.77732088738058
-0.6710295685459126,6.987116694370935,-2.221211,1.3252957,0,-1.96533294512144
-0.7345434422479732,7.064156058053787,-2.3907003,1.1832376,0,-2.29756308720472
-0.7809530047173207,7.151933967704528,-2.6476497,1.1830899,0,-3.8035994822749197
-0.8181082780431896,7.241168489856552,-2.4958573,1.1829421,0,-0.14611168495255
-0.8622013670745962,7.331108912735302,-2.5914074,1.504578,0,-1.8810220614798
-0.895339503194294,7.425471504094815,-2.7159095,1.6114895,0,-1.9830232386935
-0.9166033112159125,7.523017969512633,-2.8379501,1.6902428,0,-2.05463277989232
-0.925898554731525,7.622724328276333,-2.9594147,1.7497086,0,-2.11037585874714
-0.9231816746553929,7.722867927462062,-3.0772848,1.7950153,0,-2.07999246753259
-0.9090279694144567,7.821587539007502,3.0932557,1.8369625,0,-2.04202648149625
-0.8840118021626616,7.918238657569473,2.984013,1.877031,0,-2.0253063130326
-0.8486555131287443,8.011793600932773,2.8769414,1.9136204,0,-2.02376379753504
-0.8035623197279065,8.101120503146857,2.7714513,1.945864,0,-2.0335598095792
-0.7494178126166644,8.185163460943574,2.667072,1.9733093,0,-2.05483085113253
-0.6869779412362403,8.262950426951486,2.5632128,1.9623775,0,-2.0559707400095
-0.6165521763299902,8.334029068694413,2.4581969,1.9389395,0,-2.0560545481032
-0.5388842774780522,8.397325979009652,2.3505406,1.9126589,0,-2.09031698699006
-0.45479315696131895,8.451706796968654,2.2383011,1.8923093,0,-2.17566085611805
-0.36515457154743997,8.495978902185922,2.120011,1.8792575,0,-2.2658376810675
-0.27129299857014005,8.528980577246394,1.9967221,1.8790228,0,-2.39486190997456
-0.17334288285743465,8.550075872302818,1.870935,1.8787881,0,-2.2464173311641598
-0.07478426935652967,8.559562784964966,1.7838933,1.8933596,0,0.35868675207816
0.02208162474675708,8.56524068332799,1.7596792,2.0850637,0,-1.23525053467634
0.12213987201190821,8.565916555028759,1.6957678,2.1750833,0,-1.2869689475437598
0.22233951626612103,8.560626809172938,1.6426129,2.2515963,0,-1.0225966839087601
0.3228852649322235,8.550634234421006,1.6027297,2.3468233,0,-0.78727848642848
0.42216144688090257,8.537363976499519,1.5748291,2.4568815,0,-0.5676863023255501
0.5201317342848409,8.521961526804755,1.5564606,2.5797914,0,-0.35949238371516
0.6195423162552322,8.504890303652676,1.5462418,2.7143355,0,-0.17245747746089998
0.7176176532455024,8.487398494287005,1.5435154,2.8449554,0,0.0173485380292
0.8160570488447735,8.469894443221603,1.5470998,2.9676072,0,0.1916465891724
0.9150406272614531,8.452947627646132,1.5562231,3.0833715,0,0.35754683412855004
1.0133712735391822,8.437273576806158,1.5699039,3.1912038,0,0.5022061244136
1.112954933798554,8.423003745771558,1.5876829,3.2802827,0,0.64248535441356
1.2115950887773534,8.410809618317804,1.6082444,3.2585045,0,0.70617560067965
1.3115821853336402,8.400641860375474,1.6309755,3.1929276,0,0.75033287731584
1.4109373028964014,8.392880566187651,1.6548787,3.1261609,0,0.76804552624297
1.5110501257114393,8.38753496759958,1.6803115,3.0602429,0,0.80749466509998
1.6112239661812695,8.384862264380919,1.7085586,3.0010014,0,0.9045177272674199
1.7109885617683225,8.385215900481619,1.7408984,2.9507376,0,1.0214140492968
1.8112267617138271,8.389028401354418,1.7772866,2.9062391,0,1.10328159958532
1.9105387136162086,8.396587286866119,1.8167828,2.8671284,0,1.1790145196783601
2.009992526263174,8.408273417486745,1.8591412,2.831259,0,1.2316879821621
2.1085080508835183,8.424218487415358,1.9037463,2.7981549,0,1.27843947853434
2.2063194209657118,8.444665436129142,1.9503073,2.7668902,0,1.3151734677601001
2.3031177914017094,8.469752266487626,1.998712,2.7366509,0,1.34346325023859
2.3982307405949532,8.499444375362604,2.0482836,2.7067197,0,1.36470966704604
2.492252941845226,8.534081005213864,2.0994277,2.6766238,0,1.38167936179474
2.5837316535099437,8.573245067585678,2.1513865,2.6462661,0,1.3982581629395099
2.6736280297378348,8.617485695569732,2.2051297,2.6164903,0,1.42344503152452
2.760604725138544,8.666334277560432,2.2602386,2.588538,0,1.4604156057989999
2.84476324462148,8.72004955018713,2.3179759,2.5646742,0,1.5178785737999398
2.9256180497192577,8.778667070681008,2.3788729,2.5485663,0,1.6071692344071
3.0025654345390596,8.84220071149596,2.443743,2.5404299,0,1.6929704300889
3.075171173409954,8.910714380117495,2.5108451,2.5341117,0,1.71562783140795
3.1430287559689307,8.984018394773253,2.5786285,2.5280246,0,1.703926500769
3.205837228039414,9.061768969143554,2.6453899,2.5206799,0,1.6708929159646102
3.2633018034180954,9.143463714241312,2.7120418,2.5109969,0,1.69816234460069
3.3151496623370065,9.228909531453885,2.7806979,2.5057013,0,1.74598293921533
3.360869531236125,9.317613691731168,2.8508745,2.5030371,0,1.7742673355791798
3.400240511350394,9.409411455929058,2.9220873,2.5016203,0,1.78777844447846
3.4329816820228682,9.503850019802329,2.9937242,2.5013079,0,1.79905870341288
3.4588330946604255,9.600268710944311,3.0654462,2.5009955,0,1.7872739091875
3.477778881110946,9.698524393399532,3.1366889,2.5018829,0,1.7738957718544701
3.489710292226893,9.797583007057115,-3.0767495,2.5040425,0,1.727249453437
3.494799543818434,9.897437739815448,-3.0085802,2.5106999,0,1.6827609560364203
3.4931992139779395,9.99732683700554,-2.9430181,2.5213121,0,1.62134663869607
3.48518461922458,10.09694866886382,-2.8801537,2.5372776,0,1.55118977980824
3.4711016624366837,10.195877766755999,-2.820788,2.559086,0,1.4779279530748
3.4513369258968583,10.293870828526774,-2.7650532,2.5866472,0,1.3872703676392797
3.42636964680668,10.390578919705762,-2.7134849,2.6213076,0,1.29970669520088
3.3966290084738278,10.486010498922257,-2.6662799,2.6623259,0,1.1938907642701
3.3626587242182517,10.579970221159158,-2.6238844,2.7111429,0,1.08263472974262
3.3249674272988456,10.672501059756424,-2.5865043,2.7678834,0,0.96634531888686
3.2840348355691424,10.763678170492284,-2.5529696,2.8326722,0,0.9399120786214201
3.2401524141482394,10.853346253513715,-2.5200444,2.8964196,0,0.9485276005828801
3.1933315466697967,10.941541817626295,-2.4869145,2.9559109,0,0.9925079764395399
3.143568637738547,11.02814404344775,-2.4530802,3.0080272,0,1.0304147574959999
3.090879057097294,11.11297625021793,-2.4183498,3.0538246,0,1.07722380158668
3.0352295155600286,11.195907846206264,-2.3826369,3.0927972,0,1.1218528025937602
2.976520991706703,11.276890587258995,-2.3458183,3.1255256,0,1.1671050147164799
2.9149734978200192,11.355450978312303,-2.3081005,3.1522648,0,1.20484036872016
2.8502789334035135,11.431827640790369,-2.2693719,3.1740488,0,1.2425109214138401
2.7828466186178797,11.505405095484733,-2.2300211,3.1911164,0,1.26820454456208
2.712401780984951,11.576391541735552,-2.1899178,3.204873,0,1.2928880725236
2.639224041176254,11.644416129303433,-2.1494541,3.2155685,0,1.3086193328065998
2.5632932015569616,11.709448940542295,-2.1085887,3.2242303,0,1.3185428551474299
2.4848128236539333,11.771288392033215,-2.0677021,3.2315272,0,1.3245134859765602
2.403792788677586,11.829918224573241,-2.026792,3.2379136,0,1.3179480476723202
2.3206202906016316,11.885093829931273,-1.9862949,3.2446801,0,1.31369569591168
2.235025966306443,11.937027747820744,-1.9461565,3.2515808,0,1.29135035744832
2.1476980115170856,11.985376478425051,-1.9068222,3.2604146,0,1.2704841269747
2.0583865778232333,12.030381975503948,-1.8685602,3.2709525,0,1.22783706564
1.9675548267401144,12.071957652795176,-1.8317898,3.2852919,0,1.1847386796861
1.8753394776328345,12.110213817847,-1.7965613,3.3033178,0,1.13942364903918
1.781689059155076,12.14533119174427,-1.7627595,3.3251002,0,1.10254969220678
1.68719032826896,12.177239299261537,-1.7303159,3.3496539,0,1.06873923347244
1.591406913997306,12.206212026306202,-1.6989207,3.3765741,0,1.04097888621504
1.4949757719801284,12.232165748404256,-1.6686703,3.4051815,0,1.01490447104865
1.3977847284685205,12.255244243057607,-1.6393473,3.4352604,0,0.9926418523507201
1.2998878773497555,12.275522367138752,-1.6108735,3.4663956,0,0.9741056931383999
1.2016545688168867,12.293010846079651,-1.5832141,3.4981986,0,0.95650439734122
1.102728599346343,12.307844827835504,-1.556164,3.5305731,0,0.9438182212183199
1.0035902525112972,12.320012203759022,-1.5297652,3.5630332,0,0.93217072227696
0.9041674303151207,12.32958465291885,-1.5038796,3.5954942,0,0.9227253394239601
0.8044472648626185,12.336609530011412,-1.4784389,3.6277586,0,0.91621691706778
0.7047060572588264,12.341110915513365,-1.4534175,3.6595625,0,0.9104182736687499
0.6047653487990653,12.343133277286414,-1.42869,3.6908701,0,0.90763995155449
0.5048539947549061,12.342699270013844,-1.4042544,3.7214168,0,0.90607307180504
0.40502923133504076,12.33983695552764,-1.3800409,3.751124,0,0.9055348376464
0.3052048548902286,12.334561486083656,-1.3559759,3.7799323,0,0.90759803258008
0.20560749359494102,12.326898179077801,-1.3320525,3.8076265,0,0.9101453390733
0.10619847031651632,12.316856116327571,-1.3081981,3.8342061,0,0.91419551173215
0.00704434831327132,12.30444677967263,-1.2843872,3.859568,0,0.9195644614944
-0.09175112013923814,12.289686143946849,-1.2605878,3.8836285,0,0.9254158542024
-0.19020653640168653,12.27257024438276,-1.2367493,3.9063879,0,0.93280558536342
-0.288207835091682,12.253113699411868,-1.2128599,3.9277398,0,0.9407408149776
-0.38570829588778255,12.231319156970054,-1.1888835,3.9476781,0,0.9492365689286401
-0.48267592519356173,12.207183501004097,-1.164792,3.9661941,0,0.9588179048091601
-0.5790196957582807,12.180716134153148,-1.1405689,3.9832254,0,0.9686766018005999
-0.6746963546940952,12.15191416026576,-1.1161863,3.998791,0,0.979151961842
-0.7696399915461264,12.120780057635208,-1.0916282,4.0128741,0,0.9901313386976701
-0.8637864181171225,12.087314946678244,-1.0668742,4.0254687,0,1.00140981029595
-0.957073004085517,12.051519677583272,-1.0419067,4.0365887,0,1.0131700392984202
-1.049431960331381,12.013396444711116,-1.01671,4.0462283,0,1.025192864371
-1.1407988169699543,11.97294622476998,-0.991267,4.0414736,0,1.03423613063952
-1.23109828415969,11.930175337550986,-0.9655866,4.0335378,0,1.04118961628118
-1.3202671188826776,11.885088687203966,-0.9396896,4.0258574,0,1.0458694422312
-1.4082358986534615,11.837703290441679,-0.9136997,4.0181696,0,1.04651298510592
-1.4949408222723806,11.788045812352198,-0.887652,4.0103389,0,1.0461558540468299
-1.5803236498158513,11.736144264206482,-0.8615626,4.0022539,0,1.0459730477494003
-1.6643209240263772,11.682031734619963,-0.8354196,3.9939225,0,1.0462327611945
-1.746873492168066,11.625738928703562,-0.8092074,3.9853808,0,1.04701174464848
-1.8279199940760837,11.567298442932106,-0.7829121,3.9766734,0,1.04838671280294
-1.9073988362141705,11.50674374873059,-0.7565183,3.9678547,0,1.05024431840454
-1.9852485538107996,11.444108134713604,-0.7300098,3.9589889,0,1.05277512008578
-2.061406112759593,11.379426573891209,-0.7033701,3.950192,0,1.0559866564768
-2.1358093745777262,11.312733466684223,-0.6765803,3.941543,0,1.0599589552514
-2.208393166719363,11.244065890164663,-0.6496217,3.9331305,0,1.0647621430641
-2.2790931881041776,11.173459839485938,-0.622472,3.9250571,0,1.07050594324844
-2.347842642805814,11.100953764540403,-0.595109,3.9174431,0,1.0773321094879
-2.414573973768676,11.026585797915686,-0.5675065,3.9104086,0,1.08519860679244
-2.479216802572188,10.950396679861138,-0.5396361,3.9041271,0,1.0945923067728
-2.5417000046103446,10.872426734444273,-0.5114687,3.8987648,0,1.10538286449024
-2.60195053178066,10.792716298431483,-0.4829663,3.8945076,0,1.11771316602948
-2.6598873398682468,10.711315119337614,-0.4540959,3.8916214,0,1.13229915762548
-2.7154359504199648,10.628260283683371,-0.4248212,3.8900969,0,1.14638627080015
-2.7685150699004493,10.54360787284808,-0.3952395,3.8896111,0,1.15692787038955
-2.819056425659693,10.45742149858586,-0.3655595,3.8891253,0,1.1472316820578499
-2.867042163158441,10.36977178578912,-0.3363215,3.8896228,0,1.12838968729928
-2.912461309314955,10.280784203543599,-0.3076435,3.8919875,0,1.10526256739875
-2.9553395765323627,10.190538894174733,-0.2795597,3.8965905,0,1.0846323313550998
-2.9956980140406704,10.099120756563051,-0.2520033,3.9031152,0,1.0661472359140798
-3.0335318197148444,10.006668632127434,-0.2249375,3.9112901,0,1.05135008533188
-3.0688797481204775,9.913206481327924,-0.1982865,3.920699,0,1.0383520421114998
-3.1017397799319824,9.818847372030534,-0.1719865,3.9311271,0,1.02826373620887
-3.132113512461037,9.723689141542028,-0.1459912,3.9422559,0,1.02169199074437
-3.1600329443302675,9.627708105729534,-0.120191,3.953716,0,1.0165450605908
-3.1854525742425226,9.53113171903235,-0.0945703,3.965358,0,1.014869934372
-3.2084059356107,9.433890006882102,-0.0690325,3.9764764,0,1.01789405474796
-3.2288743273588487,9.33604112768109,-0.0433593,3.9646623,0,1.02157294897608
-3.246795750187704,9.237792545973008,-0.0174036,3.954219,0,1.0383150373179
-3.262147230198462,9.139015887071986,0.0091299,3.9454044,0,1.05718570697628
-3.274842601970463,9.039919918816256,0.0361027,3.9377707,0,1.07122956611972
-3.284841232976449,8.940506489915848,0.0634787,3.9312156,0,1.0839414974980799
-3.2921002483464,8.840806338385027,0.0912251,3.9258211,0,1.0971394082642498
-3.296570984257271,8.741018324984944,0.1192737,3.9212231,0,1.10646014881782
-3.298227440586986,8.641094323904934,0.1476209,3.9174594,0,1.11591534055986
-3.2970396294251705,8.541179888211717,0.1761935,3.9144042,0,1.12390608254652
-3.292986097320371,8.44133599666734,0.2049853,3.9118997,0,1.13015329998958
-3.2860522337131126,8.341655306336033,0.2339445,3.9099998,0,1.13676440785348
-3.2762262753429665,8.242208958174384,0.2630469,3.9084239,0,1.1404702771722
-3.2635054517401145,8.143096253212077,0.2922719,3.9072007,0,1.14436008629943
-3.2478921385342256,8.0444132248099,0.3215744,3.9062657,0,1.1475190652150902
-3.2293828346175792,7.94619575265911,0.3509669,3.9054807,0,1.14925213640655
-3.2080051508261875,7.848617816476152,0.3803957,3.9049036,0,1.15150218397032
-3.183749585274549,7.7516599780468125,0.4098791,3.9044018,0,1.152403713279
-3.156650624895856,7.655480164384099,0.4393899,3.9039142,0,1.152689226263
-3.126739458899705,7.560182505614323,0.4688754,3.9034266,0,1.1522193189279
-3.0940061595356125,7.465730306100545,0.4983064,3.9030003,0,1.1453537821364101
-3.058543719498491,7.372348083589707,0.5275297,3.9032728,0,1.1382568008448
-3.0203629707406137,7.280006325392845,0.5565716,3.9042462,0,1.1308531990914
-2.979525902573419,7.188809467783671,0.5854337,3.9059303,0,1.1256199774936901
-2.9360998897433124,7.098865795034114,0.6141522,3.9080871,0,1.12121260259805
-2.890086887410423,7.010155678915807,0.6428201,3.9106204,0,1.12142593050968
-2.8415711082444766,6.922835257272522,0.6714477,3.9130576,0,1.1206601747582399
-2.7905643073965907,6.8369164202860135,0.7000325,3.9154994,0,1.11846396980976
-2.737158213738238,6.752528326053739,0.7283409,3.9180885,0,1.0987072426992
-2.6813765102973743,6.669619333853523,0.7560311,3.9225738,0,1.07488877714832
-2.6233772249394947,6.5883135526847445,0.7831335,3.9293042,0,1.05503468077764
-2.5632385555182906,6.508617541943572,0.8096564,3.9378177,0,1.0361122927156798
-2.5008830997219214,6.430351515973953,0.8357144,3.9479697,0,1.01655640130148
-2.4368079142748975,6.3540302341979675,0.8609079,3.9597762,0,0.98085279982242
-2.3706494321781353,6.279069404875831,0.8851028,3.9747984,0,0.93712549941312
-2.3028195197729837,6.205768539738307,0.9079769,3.9620459,0,0.88066692205922
-2.233392233970412,6.1340204015533475,0.9300366,3.9364212,0,0.8908081811388
-2.1620961212929597,6.06360687562733,0.9534688,3.9156199,0,0.94540841300346
-2.0895032362298185,5.995290612457792,0.9782402,3.8993949,0,0.99618426419535
-2.014852441673104,5.928547584876544,1.0045245,3.8875548,0,1.0437248813718
-1.938696185462602,5.864043322841075,1.0316983,3.8781993,0,1.07143904046939
-1.8606201399502678,5.80153073543681,1.0597069,3.8706402,0,1.09171252015392
-1.780874269544899,5.741289820957197,1.0880219,3.8637783,0,1.1007587546879398
-1.699433291828988,5.683325253732672,1.1162699,3.8571461,0,1.06233325028895
-1.6164397178991055,5.627632276941381,1.1429958,3.846609,0,0.9987324067772999
-1.532013317319206,5.574082244162659,1.1675959,3.8296428,0,0.88290231857604
-1.44645124997636,5.522537820289864,1.1890906,3.8004881,0,0.7581745730214
-1.3597574357097304,5.472630452647169,1.2072088,3.7578508,0,0.61170332900908
-1.272370601094398,5.424200207834939,1.2216313,3.6989033,0,0.46367158448754
-1.1843261029931471,5.376835143852095,1.2321835,3.6228336,0,0.31013593087824
-1.0958485310261572,5.330208250985466,1.2387163,3.528289,0,0.15821588816690002
-1.007365329693535,5.284082342390288,1.2410966,3.4145139,0,0.00861106260441
-0.9184953985158688,5.237783702017629,1.2392276,3.2928872,0,-0.1309959921468
-0.8303313712503194,5.191404243102184,1.2330753,3.1797035,0,-0.2663147947611
-0.7419664993917237,5.143974779929869,1.2225888,3.0735923,0,-0.38765006693444004
-0.654515790800751,5.0956011253573985,1.2077604,2.9739389,0,-0.5028353735753399
-0.568098233710461,5.045874065735936,1.1888016,2.8801038,0,-0.6116585884004401
-0.48213043278667445,4.993948732594028,1.1654178,2.7904663,0,-0.70463431869787
-0.3981805427029743,4.940295246990251,1.1380775,2.7049315,0,-0.7974546506656499
-0.31556754187520825,4.884009384869453,1.1066836,2.6223284,0,-0.8796107620060799
-0.2344477909003927,4.824654812914431,1.0709323,2.5414352,0,-0.95137788038384
-0.15618480060230144,4.762740102342864,1.0313306,2.4622732,0,-1.0256800921002398
-0.08114493462399382,4.698143130548145,0.987991,2.3849151,0,-1.1030959736605501
-0.008025607473048813,4.629119756766193,0.9397741,2.3065877,0,-1.1566185655107801
0.06138790957676435,4.55667424540893,0.8878718,2.225706,0,-1.1803571049858002
0.12643761933091474,4.481244847434129,0.8364736,2.142278,0,-1.0067095606944
0.18832140190158989,4.402734059011994,0.8058936,2.0406243,0,0.006816705474150001
0.2501806138416522,4.325536892942025,0.8496844,1.8439604,0,0.36956396182344003
0.3132125990241085,4.249103951244818,0.812463,1.73585,0,-1.478914516965
0.37085399360302274,4.1666761535697745,0.7009812,1.6862352,0,-2.16693229194624
0.4171450324046141,4.078528908637504,0.5630792,1.6587067,0,-2.43724275044411
0.45014093697280555,3.984368846277782,0.4084628,1.653036,0,-2.6674807200888
0.4676185965476248,3.8860398892761094,0.2423806,1.6528295,0,-2.72260372520395
0.46882248091920165,3.7861682319878183,0.0838117,1.6526231,0,-2.50158170117547
0.4549313187568565,3.687230436524813,-0.0605684,1.6743921,0,-2.30470227139452
0.42755611587022085,3.591117693216314,-0.1925925,1.7120143,0,-2.1655638675788804
0.38824727326582276,3.49921981917941,-0.3142764,1.757453,0,-2.0558885543642
0.33847288742597487,3.412543326867388,-0.4269341,1.8069601,0,-1.9625287035454098
0.279617204027045,3.331792869689705,-0.5315049,1.8587354,0,-1.8791247979703
0.2129526302902182,3.2574062171673117,-0.6287444,1.9118883,0,-1.79932300850505
0.13956193736058306,3.189556101599923,-0.7193389,1.9662697,0,-1.7199609934901
0.06048888686724742,3.1283431754172257,-0.8036233,2.0220519,0,-1.6405139600668501
-0.023296887002688164,3.073732951038763,-0.881578,2.079434,0,-1.5501458906402
-0.11090766942934113,3.0255209742188933,-0.9526396,2.1396449,0,-1.44019541011898
-0.20149132721370386,2.983324910560591,-1.0154064,2.2046343,0,-1.26549933069054
-0.2942851054649889,2.946403249027809,-1.0668935,2.2805564,0,-1.0414685328572
-0.38845843725695917,2.913721049993786,-1.1029604,2.3715562,0,-0.57151753414808
-0.4833490633392816,2.8834322169996796,-1.1177104,2.5002606,0,-0.18630666858293998
-0.5785077096000658,2.8542494564416905,-1.1303164,2.6455863,0,-0.45548318562936
-0.6744011032587202,2.826615183003868,-1.1512978,2.766922,0,-0.6789794166552
-0.7711474196744663,2.8012711860865633,-1.1787283,2.8596847,0,-0.84610263333769
-0.8689030054299043,2.778711375910474,-1.2096123,2.9311278,0,-0.9299471925948
-0.9666237874850431,2.7593837587781933,-1.2415592,2.9906398,0,-0.9678748144810599
-1.0647822970263379,2.7432239256233744,-1.2736188,3.0434401,0,-0.9733009699562901
-1.1638718481631896,2.7301403688536254,-1.3052771,3.0931433,0,-0.9641726681585701
-1.2638345410280056,2.720108661734972,-1.3361249,3.1414077,0,-0.9479452188773698
-1.363345275315127,2.71314567317201,-1.3655345,3.1890692,0,-0.92072509812576
-1.462961336579931,2.709051134071349,-1.3936447,3.2373021,0,-0.8877009325712101
-1.5632987562457663,2.7076844240025846,-1.420482,3.2867158,0,-0.8548212061124599
-1.6630789734962048,2.7089197648726526,-1.4456057,3.3373082,0,-0.81461891015572
-1.7628456918037914,2.7125871982632765,-1.4691898,3.3898137,0,-0.7709036350824899
-1.8630626107635262,2.7185602989570476,-1.4912002,3.4445648,0,-0.72797191363664
-1.9622892897417035,2.726575854604772,-1.5112938,3.5014626,0,-0.67506868372212
-2.0618597124038756,2.7365521961790344,-1.529725,3.561474,0,-0.6226792104750001
-2.161152771593989,2.748258009173809,-1.546257,3.6245054,0,-0.56615209288648
-2.260117150664519,2.761493481247918,-1.5609106,3.6909306,0,-0.5050687887693001
-2.3592405280315756,2.7761347998718686,-1.5736622,3.7611591,0,-0.44354371364934
-2.457710577025329,2.791864811169,-1.5844058,3.8351912,0,-0.37490259593096004
-2.5563459212263173,2.8086110348427846,-1.5932136,3.9136903,0,-0.30584432998119
-2.6546977231672537,2.826100431522514,-1.600018,3.9901503,0,-0.23226385585779
-2.753013758997757,2.8441744480319993,-1.6048587,4.064214,0,-0.15680144033399998
-2.8512527524693967,2.8626263952294964,-1.6077385,4.1352636,0,-0.07894176859764
-2.9494510794700894,2.881271130103313,-1.6089107,4.2034071,0,-0.02377236885405
-3.0476081175880543,2.899965552784115,-1.6088892,4.1881694,0,0.021453060117619997
-3.1458378936401434,2.91867187894925,-1.6094094,4.0852438,0,-0.0635909049908
-3.243985596698852,2.9375217521580947,-1.6120855,3.9898565,0,-0.16681390533675
-3.342098321683376,2.9568031437956606,-1.618284,3.9073709,0,-0.32233699944714
-3.4401072895598688,2.9769022117888424,-1.6283798,3.834339,0,-0.4405444622355
-3.5375937674676403,2.9980614039080513,-1.6411054,3.7680701,0,-0.5299142487592801
-3.635188918105008,3.0206830577456794,-1.6564175,3.7078147,0,-0.6103611752775601
-3.7318826530107434,3.0447788587838156,-1.6740228,3.6534839,0,-0.6884902725936399
-3.8285663903537306,3.0708118180030874,-1.6939798,3.6044125,0,-0.7585320303275
-3.924482373337965,3.0988163844689,-1.7161115,3.5603198,0,-0.8243760282509
-4.019522788487617,3.1289658931010775,-1.740188,3.5209289,0,-0.88604985582147
-4.1142435599912615,3.1616539398301846,-1.7662923,3.4853682,0,-0.9377668942292401
-4.207639097208707,3.1967246002054135,-1.7940186,3.4535747,0,-0.9876650348599799
-4.300148383670267,3.2345080829942345,-1.8233281,3.424979,0,-1.0307820223379
-4.39165905189096,3.27513759194404,-1.8541586,3.3990491,0,-1.06765525841131
-4.481453723425243,3.3184292587164097,-1.886138,3.375813,0,-1.1038884879308999
-4.570077842727971,3.364778432861329,-1.9193748,3.3547848,0,-1.13445469892496
-4.6572225866364825,3.4141787934448304,-1.9537967,3.3357589,0,-1.16223677654075
-4.7422287449928655,3.4663627242908235,-1.9891148,3.3190172,0,-1.1919998028492798
-4.825280960658585,3.5215365347149272,-2.0254163,3.3046919,0,-1.2221547076947898
-4.90678560795514,3.580136450886489,-2.0630308,3.2926884,0,-1.25043200532168
-4.9857463383239615,3.6416007730549,-2.1016236,3.2835317,0,-1.28281377644087
-5.0620067383999885,3.7059011082768443,-2.1412012,3.2776646,0,-1.31825638059948
-5.135466040649354,3.7730550961135054,-2.1817531,3.2751119,0,-1.35253540676822
-5.206275021032387,3.843336542791596,-2.2232685,3.2747029,0,-1.37417045480309
-5.2742919131637755,3.9167385859503336,-2.2651878,3.2742938,0,-1.36392771044094
-5.33903016504894,3.992691013298924,-2.3059279,3.2749254,0,-1.29417584978088
-5.40083527893472,4.0712585832146715,-2.3433302,3.2824915,0,-1.139175545109
-5.459940745760717,4.1520333068728235,-2.3754333,3.3051585,0,-0.9611272016818501
-5.516459908890395,4.234105305131979,-2.3996091,3.2910362,0,-0.5589199688822001
-5.5715989547869125,4.317171828696359,-2.4098261,3.2101814,0,-0.18168952585906
-5.6256648009819274,4.400537130256403,-2.4265891,3.1564974,0,-0.88774627041534
-5.677536217848496,4.4855665870653505,-2.4634271,3.1454664,0,-1.32397273156944
-5.72610329623875,4.573080244599674,-2.5068585,3.1415666,0,-1.39727991734522
-5.770857626382716,4.6629241988769925,-2.5522336,3.1411743,0,-1.4325853112432398
-5.811262806579103,4.754196260413409,-2.5973159,3.1407819,0,-1.4094761301354
-5.847413550543571,4.846817800129911,-2.6414428,3.142716,0,-1.3792597987716
-5.879646867071057,4.941435744275876,-2.6848863,3.1475779,0,-1.348516799697
-5.9079254967831725,5.03783288587922,-2.7274538,3.1552843,0,-1.32089004041197
-5.931979072252964,5.1346657358017485,-2.7685905,3.1653946,0,-1.28862011316052
-5.952074182208956,5.23235657431748,-2.8086308,3.178263,0,-1.2545417696328
-5.968386646663644,5.331331358681551,-2.8476874,3.1939473,0,-1.22424287464257
-5.980831502851872,5.430350169256029,-2.8852191,3.2119503,0,-1.1871917552301299
-5.989619985276093,5.529816098827965,-2.9214566,3.232847,0,-1.1473551809584999
-5.994891967782574,5.629988765110795,-2.9563349,3.256796,0,-1.1097183892828
-5.996744354338424,5.729595963769063,-2.989365,3.2834595,0,-1.0601673435114
-5.995378490021058,5.829615462714801,-3.0208424,3.3139176,0,-1.0117589267856
-5.990960842471447,5.929517287519843,-3.0504144,3.3479172,0,-0.95938015720716
-5.983698117049956,6.029094099659077,-3.0780319,3.3857292,0,-0.90047767950084
-5.973762186257762,6.128710982935671,-3.1036457,3.4278734,0,-0.8423909755791601
-5.961423881066502,6.227757050220281,-3.1270311,3.4741338,0,-0.77519528684892
-5.946852734398714,6.32668714358239,3.1349288,3.5252916,0,-0.70779500386908
-5.930309384068419,6.42524422600151,3.1160338,3.5812323,0,-0.6359301632079
-5.912014597661107,6.523515366261918,3.0994039,3.6422781,0,-0.56539884247482
-5.89220373271574,6.621455631203752,3.0849789,3.7081834,0,-0.49542183106182
-5.871060036489881,6.719192233415199,3.0723369,3.7788025,0,-0.451648520884
-5.848766750446941,6.8165947921228,3.061059,3.8514939,0,-0.41133800792243996
-5.8254230618279745,6.913795311952277,3.0509078,3.9259379,0,-0.37821386465988
-5.801134413736981,7.010804773423579,3.0417872,4.0014618,0,-0.34455347106642004
-5.776070007524699,7.107378918920838,3.0337009,4.0751606,0,-0.30964048277344003
-5.750168887743324,7.204147915472216,3.0265953,4.1457561,0,-0.27311494950702
-5.723733353415758,7.300371627150503,3.0205249,4.2134785,0,-0.23600662178554999
-5.69670142276282,7.3966515456173605,3.0153807,4.2785317,0,-0.20009623127975
-5.669226589311828,7.4927777514904745,3.0111442,4.3410974,0,-0.16710967619352
-5.641483585400439,7.588449984848815,3.0076963,4.4013387,0,-0.13487154218570999
-5.613286103563386,7.684578424580504,3.0049375,4.4594022,0,-0.10862657818980001
-5.584945307051629,7.7803308251200685,3.0028187,4.5154203,0,-0.08336820499889999
-5.556446318526893,7.875968902009281,3.0012324,4.5695135,0,-0.06067537110705
-5.5277455052372835,7.971814144832674,3.0001174,4.6217911,0,-0.042251489877980004
-5.499018815666633,8.067428427317308,2.9994028,4.6723533,0,-0.02529098117757
-5.470228865118538,8.163063792940534,2.9990146,4.7212918,0,-0.0110572653956
-5.441387129703084,8.25878751204424,2.9989085,4.7686908,0,0.00045016441152
-5.412580960360983,8.354396356153162,2.9990308,4.814628,0,0.010760212117200001
-5.3837819023631885,8.450057854215233,2.9993412,4.8591752,0,0.019351665234
-5.355014911139331,8.545750089421109,2.999817,4.7943036,0,0.0263231239158
-5.326311800558546,8.641419818107027,3.0004371,4.7022446,0,0.032535770836320005
-5.297664901663381,8.737142542041786,3.0011982,4.6088808,0,0.038301643000320004
-5.269110683052642,8.832845595062,3.002105,4.5141606,0,0.044614352041920005
-5.240639059361011,8.928616452280739,3.0031738,4.4180102,0,0.0513505325546
-5.212273511070491,9.02443894097514,3.004439,4.3204033,0,0.059099228781029994
-5.184072251367544,9.120188865835617,3.0059296,4.2213993,0,0.06883751410524
-5.155987475597298,9.216119628450508,3.0076977,4.1209329,0,0.07942809699447
-5.128097774912039,9.312070569301635,3.0098051,4.0190248,0,0.09188656209992001
-5.100468626061921,9.407944380448988,3.0122936,3.9157256,0,0.10666749792447999
-5.073024361685969,9.50415874442809,3.0152452,3.8108727,0,0.12180730519737
-5.045952770190594,9.600233330390026,3.0187217,3.7044793,0,0.13931583482682
-5.019245388852511,9.696397448588199,3.0227719,3.5964128,0,0.15797998470688
-4.992838905626406,9.793123542823412,3.0275053,3.4863001,0,0.17572974558058
-4.967114622549306,9.889264513467666,3.0329211,3.3741317,0,0.19667037629009
-4.941829724774032,9.98601074141798,3.0391272,3.2593705,0,0.21597599337855003
-4.917191980081279,10.082901602793832,3.0461864,3.141536,0,0.23496050389759998
-4.893347598766513,10.179695736766796,3.0540995,3.0201918,0,0.25495553118060005
-4.870149544093919,10.277410190788231,3.0630612,2.8943555,0,0.271641052386
-4.848113194224622,10.374317888805665,3.0732106,2.7648662,0,0.30476456554712
-4.826971221393599,10.472265922707996,3.0851908,2.6337928,0,0.36745044194064
-4.807345026453984,10.569969324674725,3.1027028,2.5102454,0,0.52892050393338
-4.7897116312979335,10.668467551950958,3.1277889,2.3993137,0,0.74268188317841
-4.7751720745765445,10.767354582506767,-3.1174358,2.3097589,0,1.03751644272498
-4.765076759516494,10.86685766989082,-3.0657381,2.2405189,0,1.3076125366255602
-4.760806829641582,10.966777167799203,-3.0005978,2.1934147,0,1.5778637915922697
-4.763694895366019,11.066544636073292,-2.9229954,2.1641757,0,1.78742235983709
-4.774818590548098,11.165933672046462,-2.8357438,2.1523776,0,1.97500468197696
-4.794836637410071,11.263446495479855,-2.7419804,2.1476218,0,2.050377484896
-4.824236933094695,11.359225515916988,-2.6451905,2.1473536,0,2.0956025929753603
-4.862444735318349,11.450982753395662,-2.5495445,2.1470854,0,2.0203702168225797
-4.909558239796406,11.539600893710194,-2.4569566,2.1543485,0,1.9495828455114002
-4.964014307463208,11.62296459122655,-2.3701789,2.1679471,0,1.8101551808678802
-5.025660684618273,11.702024366760229,-2.2893898,2.1940524,0,1.71139180813884
-5.093173673604967,11.775943311825296,-2.2148123,2.2274582,0,1.57522680913356
-5.165594223738438,11.844738701660775,-2.1471951,2.2712166,0,1.47666917468556
-5.243029334114223,11.909247018808953,-2.0846104,2.3208165,0,1.3697447378917498
-5.323008473253537,11.96821550452916,-2.0283848,2.3767312,0,1.29408640654592
-5.407491888077866,12.02369694503696,-1.9767152,2.4355856,0,1.14103142287904
-5.49235585718429,12.073920818050338,-1.9352798,2.504897,0,0.9231336992452001
-5.581384915115731,12.122253477873798,-1.9025792,2.5903914,0,0.71293891883016
-5.669372177804418,12.166946484378302,-1.8807307,2.6904789,0,0.49106298025332
-5.759631090290311,12.210617384837006,-1.8620524,2.8057317,0,0.52568245245834
-5.849525893359147,12.252050040386766,-1.8426606,2.7185659,0,0.61167678378682
-5.9412482955053,12.291862111513364,-1.8169788,2.6227993,0,0.7430867766372601
-6.032952143128582,12.328553467620983,-1.7840845,2.5443409,0,0.97450520933401
-6.127567065991231,12.362308578507113,-1.7416452,2.4768697,0,1.13546691820554
-6.2226898896414315,12.391410943821002,-1.6926331,2.4184466,0,1.27196917150302
-6.320016036664247,12.415683334253412,-1.6368258,2.3665384,0,1.37928294936448
-6.418347843305681,12.434182986959106,-1.575732,2.3214966,0,1.48616106795942
-6.517777910043141,12.446360773864146,-1.5087721,2.2822092,0,1.57806002496672
-6.61770376134093,12.45161116267468,-1.436846,2.2508919,0,1.68642178270722
-6.717823885921807,12.449358835913408,-1.3589529,2.2269852,0,1.78291410698808
-6.817162556581748,12.439120455361964,-1.2762874,2.2132109,0,1.8977309654704
-6.915490942848849,12.420388526404492,-1.1883022,2.2057946,0,1.9684925699784799
-7.011376171754921,12.393075945097154,-1.0977519,2.2055192,0,2.04033595730832
-7.10462256057994,12.356970485915841,-1.0051849,2.2052437,0,2.0244600267177
-7.193914223146876,12.31260822484314,-0.9144921,2.2065796,0,1.98692695766576
-7.279081803204021,12.260372963273015,-0.8280696,2.2115372,0,1.82665873685588
-7.359631959392376,12.201307284278172,-0.7493638,2.2319628,0,1.6694925506604
-7.435767498771358,12.136243440264222,-0.6796099,2.2660633,0,1.46759028972971
-7.507321979156683,12.066570455669142,-0.6192458,2.3169906,0,1.2994118879032799
-7.575132376834548,11.992712064744959,-0.5678394,2.3800684,0,1.1043108004235198
-7.63915590966684,11.916134437720071,-0.5266456,2.4571019,0,0.8705634886795
-7.70053655402459,11.837239541947042,-0.4980378,2.5387434,0,0.54683542726074
-7.76034066747683,11.756876668533184,-0.4840401,2.4147261,0,0.15047679606543002
-7.819175979806194,11.676802359556358,-0.4861454,2.2450384,0,-0.24483849981184
-7.879735526292885,11.596271186824453,-0.5066449,2.0991308,0,-0.63539765698448
-7.941933737496877,11.518621043947354,-0.5477961,1.9787863,0,-1.0355798031496701
-8.008439042296034,11.44396324590039,-0.6116245,1.8863679,0,-1.44032885321019
-8.08072722007282,11.374334702702274,-0.7003065,1.8207883,0,-1.8056023793415101
-8.158831870686933,11.31281279107668,-0.8107991,1.7858081,0,-2.16859463758852
-8.243696739528016,11.261167821247703,-0.9406774,1.7855851,0,-2.52018213103891
-8.33599148032009,11.22118157247774,-1.0827055,1.7853621,0,-2.49429082608864
-8.432823023219221,11.194577057386613,-1.2221407,1.7877561,0,-2.45885953829607
-8.532220291172521,11.181659044118323,-1.3613336,1.7933457,0,-2.50126730106387
-8.6313106353391,11.182511795576405,-1.4916317,1.7939219,0,-1.78478886421491
-8.729495111818938,11.19255092902655,-1.5415637,1.8646162,0,-0.31542891824272
-8.828248423148684,11.20529989661065,-1.5580941,2.0634148,0,-0.43185228983348
-8.92662912765439,11.220084642118463,-1.5832042,2.2311056,0,-0.6697488967472
-9.024840079269687,11.23785555147245,-1.6177705,2.3616225,0,-0.9042881629882501
-9.12243909172033,11.259363577573176,-1.6581582,2.4593453,0,-1.01812640752631
-9.219178860590644,11.28490802457362,-1.6997324,2.5388521,0,-1.0435976945571002
-9.314888211714896,11.314439052881221,-1.7401683,2.6103566,0,-1.02729722575322
-9.409454138344529,11.3477481334218,-1.7783588,2.6787406,0,-0.9881592805636998
-9.502315100635082,11.384342315423899,-1.8134908,2.7466641,0,-0.9270842803371
-9.593865558406822,11.424023319765581,-1.8454788,2.8165039,0,-0.8527917535568199
-9.68426521739089,11.4665039880943,-1.8742424,2.8896376,0,-0.7931890502656801
-9.7735892625231,11.511511694612617,-1.9004003,2.9646529,0,-0.7387974319858
-9.861870470377639,11.558794103936204,-1.9242529,3.0411434,0,-0.69171749387454
-9.948569452430847,11.60779668405468,-1.9458864,3.1185164,0,-0.6465963088923999
-10.034483044450294,11.658728965418135,-1.9656587,3.1967235,0,-0.60310056862935
-10.119689137708445,11.711441611059698,-1.983684,3.2757435,0,-0.5608852498953
-10.20365827669278,11.765398682120678,-1.9999123,3.3555825,0,-0.51774054176475
-10.286761200298354,11.820625768475892,-2.0144946,3.436455,0,-0.473903639484
-10.369392919555079,11.877198650770923,-2.0275239,3.5185385,0,-0.4302102949796
-10.45111488356756,11.93462900947704,-2.0389564,3.6019174,0,-0.38506009811308
-10.532149665074678,11.992878879137523,-2.0488826,3.6868264,0,-0.33897935442576
-10.612936511437226,12.052085339313372,-2.0573718,3.7709568,0,-0.29269714166784
-10.69296655378557,12.111697358096684,-2.064407,3.8521395,0,-0.244834282341
-10.772695518048915,12.171876148568362,-2.0700827,3.9305948,0,-0.19676243121216
-10.852369146743474,12.232642568238454,-2.0744425,4.0065172,0,-0.14863337443388003
-10.931387336915218,12.29337404806294,-2.0775115,4.0799996,0,-0.10039124615772001
-11.010530744704145,12.354512307875071,-2.0793727,4.1503952,0,-0.052725375502240004
-11.08955522062083,12.415719468411181,-2.0800703,4.217932,0,-0.0056663698488
-11.168466837248896,12.476856981399077,-2.0796632,4.2201251,0,0.039626974689
-11.247684289616352,12.538112927788143,-2.0782051,4.1197779,0,0.08095116386826
-11.326689171283464,12.598957893134633,-2.0757648,4.0204031,0,0.11749668263781
-11.40608130398849,12.659733246889896,-2.0723805,3.9215323,0,0.15045390037503
-11.48566085525599,12.720169904937421,-2.0681123,3.8226565,0,0.1796380969045
-11.565443768124219,12.780173085477628,-2.0630063,3.7233049,0,0.20569509619197
-11.645802400880077,12.839917595936488,-2.0570775,3.6229733,0,0.2285951233368
-11.726152282466483,12.898872835980956,-2.0504001,3.5212359,0,0.24947991563859
-11.807275230083587,12.957517008617652,-2.0429318,3.4177811,0,0.26988576811772
-11.888554398044333,13.015298843406269,-2.0344908,3.3131537,0,0.29873514177568
-11.970545113757717,13.072481381101852,-2.0248357,3.2084413,0,0.34151419223112
-12.053100960132534,13.128757290408567,-2.0129983,3.1053722,0,0.40436386726246004
-12.13628662263533,13.18389129591244,-1.9987771,3.0038634,0,0.46877631370452
-12.220579763238984,13.237887423735666,-1.9818187,2.9032594,0,0.52933589912718
-12.305448437516704,13.290091030153159,-1.9621349,2.8044314,0,0.6016262549478
-12.391975378479039,13.340791364724744,-1.9389591,2.7065846,0,0.6690582400739
-12.47922237727733,13.389007913153588,-1.9111842,2.6184761,0,0.82521719432437
-12.568454990530187,13.434710256282973,-1.8758228,2.5415995,0,0.99271038654755
-12.659071232066891,13.4767228341526,-1.8326064,2.4785626,0,1.17977919123058
-12.751677470331451,13.514411541006211,-1.7804719,2.4317698,0,1.38074357229026
-12.846238908163368,13.546815487064688,-1.7202191,2.3969733,0,1.52959711104477
-12.942571339863893,13.573098455154948,-1.6528761,2.3757681,0,1.68392898678735
-13.040584125924001,13.59255528205518,-1.579934,2.3626375,0,1.77582993291625
-13.139724030602443,13.604593237527748,-1.5025736,2.358718,0,1.8715054556124
-13.239526513904275,13.608786216887044,-1.422827,2.3568781,0,1.89383098014197
-13.33935541559655,13.604957671080346,-1.3419247,2.3565837,0,1.90954377830229
-13.438565042867312,13.593095169396195,-1.2619823,2.3562894,0,1.8635409825273
-13.536562800277919,13.573421153256318,-1.1836272,2.3606116,0,1.8204345000001199
-13.632831361892013,13.546250247334848,-1.1084064,2.3688807,0,1.74019089595929
-13.726795865413479,13.51209307907964,-1.0363854,2.3844651,0,1.6705588719716098
-13.818265244614924,13.471389434230293,-0.9685884,2.4057212,0,1.5770342062698801
-13.906829054450045,13.424786645494118,-0.9049204,2.4345753,0,1.4911143157497302
-13.992277220562533,13.3729078165341,-0.8461781,2.4697153,0,1.3928764561537799
-14.074909729828715,13.316120200687912,-0.7921532,2.5119319,0,1.27468813203027
-14.153748153245473,13.255862134319498,-0.7455104,2.56274,0,1.101912337582
-14.23090075739372,13.1914598066811,-0.7062659,2.6269658,0,0.91724897939886
-14.304776245035532,13.12531306498255,-0.6763064,2.7049919,0,0.7341669910636099
-14.377384249806342,13.056535471379824,-0.6484592,2.6119949,0,0.7404002535458399
-14.44764931300381,12.986030961556224,-0.6171131,2.5328914,0,0.9757743756948201
-14.515417193320335,12.912585048599919,-0.5707598,2.4853874,0,1.3337324463070401
-14.578880011395047,12.836138703564032,-0.5138421,2.4497664,0,1.48089089312256
-14.637941955588522,12.755621488673755,-0.4512636,2.4195684,0,1.55875758250464
-14.69184171669751,12.67124794436131,-0.3851658,2.3931215,0,1.6172408777448
-14.739682054518426,12.583884416860636,-0.3163203,2.3707442,0,1.6760957609998801
-14.781624211790955,12.492469382215859,-0.243368,2.3544676,0,1.75074655489924
-14.816284904823505,12.399273016728177,-0.1683611,2.3416448,0,1.7959729514073601
-14.843924732204725,12.30292436946281,-0.0898624,2.3341871,0,1.8560293394024199
-14.863744521519823,12.205118446679753,-0.0097199,2.3301193,0,1.8933985542929397
-14.87558617949815,12.10582124135365,0.0725772,2.329051,0,1.9243343696861002
-14.879193313166079,12.00597370446254,0.1552606,2.3287601,0,1.9323587886540103
-14.874527172843795,11.906202279613073,0.2380001,2.3284692,0,1.9071392179737598
-14.861703906358763,11.807057404542126,0.3189521,2.3307214,0,1.8675103328818998
-14.841055035477162,11.709465220814765,0.397452,2.3367398,0,1.79245024227938
-14.812906773268212,11.613441453680442,0.4721624,2.3497323,0,1.70584314692082
-14.777986871789588,11.519923078268265,0.5414643,2.3702596,0,1.56841997642276
-14.73686286342789,11.42872634221726,0.6049304,2.4027259,0,1.46442515488891
-14.69020462034883,11.340139992287737,0.663993,2.4429026,0,1.39668607788372
-14.638728131220514,11.254655543674952,0.7195759,2.4867083,0,1.35314107809085
-14.582491666059136,11.171825883546147,0.7729521,2.5316046,0,1.32041635287534
-14.522237771567049,11.092329495331358,0.8237751,2.5765645,0,1.2810696729951498
-14.457964769283354,11.01574519880459,0.8722397,2.6223437,0,1.23785007121052
-14.390225818758886,10.942355731938738,0.9180679,2.6693741,0,1.1868005216110802
-14.31929931460702,10.872046207444503,0.9609536,2.7184492,0,1.1252857356447998
-14.245469075040104,10.804671205679668,1.0005927,2.7705753,0,1.0455112216462499
-14.169274919645684,10.74022766186106,1.0362491,2.8274697,0,0.9528654885621299
-14.090786965566297,10.678237586860845,1.0675075,2.8902361,0,0.8286983213947401
-14.010727353936522,10.618647900063468,1.0934948,2.9617597,0,0.68950032374373
-13.92914843045758,10.56080710834727,1.1134963,3.0431918,0,0.508091302928
-13.84672634835934,10.504410331309913,1.1268444,3.138311,0,0.31589014584709996
-13.763693432128628,10.448813049833895,1.1336137,3.2453298,0,0.11244516050934
-13.680478657908134,10.393529717145983,1.1346216,3.3473081,0,-0.00531016956984
-13.59728120437026,10.338246878374687,1.1337676,3.444767,0,-0.053476907384700005
-13.514134289232128,10.282827053764155,1.1319909,3.5381442,0,-0.06373577580438
-13.43110302620217,10.227268352554171,1.1301898,3.6278114,0,-0.06579906648636001
-13.348150648476418,10.1715423613302,1.1283061,3.7140876,0,-0.07266129558012
-13.26531282204286,10.115658010226662,1.1262825,3.7972488,0,-0.0790321392744
-13.182588639349847,10.059599890598252,1.1241586,3.877536,0,-0.0841530005472
-13.09996180936371,10.003348650643456,1.1220619,3.9551606,0,-0.07328675282164
-13.017496089021273,9.946984316689234,1.1205176,4.0303098,0,-0.049919417182800005
-12.934987146718965,9.890442227728936,1.1196386,4.1027809,0,-0.02043677221908
-12.852661569583494,9.833965676434069,1.1195268,4.172241,0,0.011363098363499998
-12.770128926730333,9.777379652363788,1.1201704,4.2389096,0,0.043162697002000004
-12.687658269100261,9.720959655556685,1.1215697,4.3029816,0,0.07657973323704
-12.605098420799212,9.664694165203203,1.1237334,4.3646313,0,0.11171492043915
-12.522241311790895,9.608536564246394,1.1267036,4.4240148,0,0.14955957153323998
-12.439629476138293,9.552951647103727,1.1305013,4.4812734,0,0.19094526706464
-12.356127885901282,9.497284847242947,1.1352648,4.5365344,0,0.23813811487296
-12.272755430735257,9.442335501320368,1.1410456,4.5899139,0,0.29168627439666
-12.189047345078489,9.387925252887749,1.1480064,4.6415176,0,0.3535119049688
-12.10456119009452,9.333923417263534,1.1563787,4.6914423,0,0.42871291111437004
-12.020182689955037,9.281071582649954,1.1663532,4.7397765,0,0.51856709742375
-11.934853758487417,9.228913406389236,1.1782373,4.7820467,0,0.6130081754496501
-11.848977801923908,9.17790408411161,1.19136,4.8141173,0,0.6208333811253001
-11.762620121674765,9.128095355316683,1.2037396,4.8447854,0,0.57923624420298
-11.675469882124164,9.079209146848726,1.2153188,4.8789919,0,0.54715796191983
-11.587745546629419,9.031283532997096,1.2260907,4.9157311,0,0.50577760658656
-11.499643037114065,8.984319705348392,1.2358388,4.955886,0,0.45844274766419996
-11.411071377928737,8.938151401726453,1.2445705,4.9963159,0,0.41086904024695997
-11.322081898657103,8.892690604383978,1.2522544,5.0356091,0,0.35992167110523005
-11.232807990616411,8.847885161461134,1.2588447,5.0741652,0,0.30728180359812
-11.143230648696278,8.803603859483847,1.2643538,5.1120443,0,0.25403179499104
-11.053465633966674,8.759783386646898,1.2687859,5.1492678,0,0.20102947461912
-10.963531838121407,8.716314135314125,1.2721597,5.1858564,0,0.14830978859795999
-10.87341847229873,8.673075438255253,1.2745064,5.1311976,0,0.09449049068424001
-10.783262363351387,8.630020517351781,1.2758536,5.0517713,0,0.04336541519346
-10.693107443508415,8.587061450483334,1.2762325,4.9657388,0,-0.0046280685616
-10.60288084030909,8.544058073836942,1.2756749,4.8787026,0,-0.04965933802488
-10.512693295478146,8.500960880540323,1.2742067,4.7942349,0,-0.09183261066252
-10.422693096867514,8.457741613152537,1.271854,4.7120955,0,-0.1316757390711
-10.332721104638402,8.414226640421477,1.2686304,4.6320643,0,-0.16941960459822
-10.242861890214549,8.370360275236541,1.2645456,4.5539386,0,-0.20526969318272004
-10.153362648375921,8.32616915705641,1.2596193,4.4775973,0,-0.2400753344341
-10.063992490656988,8.281445145143868,1.2538403,4.4028807,0,-0.27346380085314
-9.974832443849422,8.236131915533932,1.2472021,4.3296394,0,-0.30557122807804
-9.886190393307363,8.190292182249815,1.239724,4.2578378,0,-0.33755840029754
-9.797784543095197,8.143683916510849,1.2313733,4.1873227,0,-0.36825995710327997
-9.709730830827395,8.096267397799021,1.2221405,4.1179545,0,-0.39784834990394996
-9.622344803945937,8.048116207170716,1.2120539,4.0497145,0,-0.42756237736680003
-9.535302326741537,7.998951272714123,1.2010646,3.9823936,0,-0.45551892362752
-9.448833521626774,7.94879776614404,1.1891855,3.9158413,0,-0.48236742836268
-9.363156486103703,7.897684806519516,1.1764648,3.8498295,0,-0.50739482366265
-9.277910407087477,7.845295617550709,1.1628727,3.7841391,0,-0.5307784867224
-9.193610921992702,7.7918433485671015,1.1483499,3.7193033,0,-0.5600303750942001
-9.110054164754063,7.737088949934909,1.1330292,3.6533469,0,-0.5602897019634601
-9.027132477300725,7.680914307134345,1.1177288,3.585238,0,-0.5462339548232
-8.945409516440147,7.623695980351047,1.1020331,3.5147236,0,-0.57194499639788
-8.86441863463079,7.56500441116992,1.0851611,3.4451472,0,-0.60715000455648
-8.78455287202785,7.504949165080083,1.0666223,3.3780681,0,-0.65836148840649
-8.705855189949153,7.443336992152243,1.0462145,3.3132053,0,-0.7068514775616099
-8.628476533129987,7.380049115549911,1.0239394,3.2505992,0,-0.75583647730224
-8.552589277709226,7.314983549652779,0.9998056,3.1896875,0,-0.799367584375
-8.478360452487387,7.248040231331789,0.9738001,3.130391,0,-0.8423822703571
-8.405979323863694,7.179144607048307,0.9460298,3.0723467,0,-0.88213249173867
-8.33551361153478,7.1081075732785965,0.9164172,3.0149694,0,-0.91663330776156
-8.267472126540925,7.035211536919335,0.8852118,2.9583873,0,-0.9531169491838499
-8.201472171425175,6.959782641697682,0.8521883,2.901465,0,-0.9793091401695
-8.138228837388663,6.882372544014008,0.8175599,2.8442168,0,-1.00701543640096
-8.07790333080693,6.802959186568315,0.7814384,2.7865001,0,-1.0348100028865501
-8.020188361437532,6.720823473812781,0.7433534,2.7275688,0,-1.05621719594688
-7.966030300733631,6.637013700955182,0.7037166,2.667618,0,-1.083511738296
-7.9153331327281835,6.551111218566911,0.6622634,2.6066764,0,-1.11257067300712
-7.867968230674316,6.46240390858894,0.6182696,2.5443493,0,-1.14040508966737
-7.824902025209316,6.3721907790710235,0.5720604,2.4813125,0,-1.17778202443125
-7.786409033594212,6.280638221759938,0.5234035,2.4182413,0,-1.22444045045963
-7.7523963811837815,6.186782839733189,0.4714078,2.3546138,0,-1.2687061793359802
-7.723327490205509,6.0907436220620035,0.4160125,2.2893627,0,-1.2927099396281099
-7.699825112496911,5.993711302271933,0.3593551,2.2219144,0,-1.2449315281939202
-7.681802045447669,5.896102932008167,0.3075751,2.1462206,0,-0.97176855335478
-7.66798182752284,5.796636564360804,0.2722893,2.0352834,0,-0.53459954601606
-7.65719009237176,5.697925852725851,0.2405553,1.9027578,0,-0.9948816515814
-7.6522622272793885,5.599631198760687,0.1481236,1.9025202,0,-2.36528369613942
-7.658934557053606,5.500076911933478,0.0187387,1.9022826,0,-2.3645068352784
-7.678162346747957,5.401564690864264,-0.1031407,1.9021521,0,-2.2463046751488
-7.708919903492453,5.306185537625366,-0.2200108,1.9138131,0,-2.18528519165928
-7.750443489639767,5.214956339234135,-0.333893,1.9300959,0,-2.161244184984
-7.801965576403566,5.129004052128127,-0.4460389,1.9467939,0,-2.16001046683641
-7.862664097722369,5.049417656362515,-0.5572645,1.9426015,0,-2.1563828524735
-7.931682261902024,4.977187333255455,-0.668346,1.9267719,0,-2.15722672861173
-8.008203131659815,4.913182766839291,-0.7806596,1.9105702,0,-2.19487374495312
-8.091675110537695,4.858167501348149,-0.8957453,1.8944798,0,-2.20507161694686
-8.181592391492432,4.813001607590171,-1.0169459,1.8942432,0,-2.3756190791702396
-8.27495348755789,4.77923879544565,-1.1250651,1.8940066,0,-1.8067012293690399
-8.371002999434198,4.754161665993237,-1.2018376,1.9498243,0,-1.3219430488085802
-8.468253934249056,4.735897173510657,-1.2680413,2.04574,0,-1.3684147159559998
-8.567219214205968,4.724035364801614,-1.3347669,2.1269357,0,-1.40366462171433
-8.667013002376507,4.718684578576785,-1.3990246,2.1966763,0,-1.36413861831156
-8.76707542555151,4.71954761115237,-1.4590327,2.2637648,0,-1.2986693464166401
-8.86714614570442,4.726188260015852,-1.5143568,2.3313365,0,-1.2300208308104499
-8.966986427865335,4.738157203663018,-1.5651813,2.3999994,0,-1.1654519486369401
-9.065109522741581,4.754769574733906,-1.6110942,2.4695899,0,-1.0886102924183898
-9.162666216197254,4.775731848553223,-1.6530829,2.5415315,0,-1.01461724361935
-9.259670728479477,4.800674905351009,-1.691334,2.6156702,0,-0.9599928141231999
-9.355739260843585,4.829186461458433,-1.7268554,2.6902611,0,-0.9212438641962599
-9.45012126548091,4.860753394602624,-1.7599523,2.7640011,0,-0.8941394302440602
-9.5439502889889,4.895542877034351,-1.7914415,2.8360527,0,-0.86173659813189
-9.636788735366927,4.933217526788712,-1.8208214,2.9072455,0,-0.8244954052491001
-9.728080667091556,4.973315580495538,-1.8481954,2.9782937,0,-0.79185800709868
-9.818617930842,5.015988571803305,-1.874039,3.0489349,0,-0.76269380927641
-9.90795121038034,5.060860230625047,-1.8982667,3.1190158,0,-0.7332388197682801
-9.99617497666951,5.107803346084015,-1.9210762,3.1887436,0,-0.70615014008924
-10.083399589697311,5.15672476415136,-1.9426167,3.2580433,0,-0.6828128955100801
-10.169525701929103,5.207431976860076,-1.9630212,3.3266967,0,-0.6621037947895799
-10.254674385385206,5.259874712489546,-1.9824847,3.394593,0,-0.6473828310299999
-10.338643111437895,5.313825147325133,-2.0011764,3.4612861,0,-0.63696455906694
-10.42185415931802,5.369489805024533,-2.0195899,3.5265004,0,-0.6490418191188
-10.503853282267144,5.426559835749725,-2.0381852,3.5881726,0,-0.6910382670542801
-10.584658224687606,5.48514401259566,-2.0583457,3.6435609,0,-0.77025824751834
-10.664448033517715,5.545612144558824,-2.0806564,3.6892624,0,-0.868350914244
-10.742611093200056,5.607797258018755,-2.105279,3.7237533,0,-0.92090429935782
-10.819190966219422,5.671842065378275,-2.1289655,3.7519145,0,-0.8517228610279
-10.894447955492,5.737733317040366,-2.1504971,3.78603,0,-0.7663716000269999
-10.968176267672309,5.804963662634025,-2.1692968,3.8275175,0,-0.6701363084665001
-11.040779420840959,5.873531181581626,-2.1855034,3.877233,0,-0.5785052638281
-11.112424287291375,5.943245169563107,-2.1991526,3.9344918,0,-0.48779671956728
-11.183146762197756,6.013787822084375,-2.2102723,3.9990133,0,-0.3961142644049
-11.25315717315254,6.085016164658678,-2.2189614,4.0707299,0,-0.30477676883196997
-11.322697344646713,6.156832437347609,-2.2252177,4.141509,0,-0.2080135017885
-11.391840365528672,6.228959146457113,-2.2289876,4.2094015,0,-0.1058470844781
-11.46077449141379,6.301230057925453,-2.2302291,4.274613,0,0.0025220216700000005
-11.529756050131647,6.373529073243677,-2.2285861,4.3373266,0,0.14011126355576
-11.598947524415854,6.4455841184305225,-2.2238743,4.3977061,0,0.26718923066465
-11.668572084491075,6.517215425021508,-2.2164635,4.4558993,0,0.40369200006196
-11.738827754033277,6.5881700449710685,-2.2050481,4.5105409,0,0.61914526034167
-11.809785437550147,6.657919944870422,-2.1897153,4.4842335,0,0.7450688487255
-11.882277917678874,6.726867087813884,-2.1723977,4.4596381,0,0.76779894505222
-11.955773317607658,6.794434006791946,-2.156359,4.4352878,0,0.6639940742033801
-12.03017519844717,6.86080576825383,-2.1423544,4.3998237,0,0.58222031055597
-12.106034891673694,6.926691424033504,-2.1297574,4.3552133,0,0.51834050163413
-12.181958143528309,6.991058425039771,-2.1184219,4.3030388,0,0.46904026558148004
-12.258957663627445,7.054910276993983,-2.1079597,4.2445824,0,0.42645828722687995
-12.33665850002845,7.118034461424709,-2.0982645,4.1803282,0,0.39055594077422
-12.414651914236504,7.180195755920488,-2.089254,4.1107591,0,0.35925732508904
-12.49364627042444,7.242032484794383,-2.0807552,4.0361417,0,0.33157670932423
-12.572601420760218,7.302799644712502,-2.0728281,3.9566342,0,0.30504027461977995
-12.652404149655496,7.363245861340486,-2.0653397,3.8721206,0,0.28030590793048005
-12.732445251864704,7.422966047491695,-2.0583592,3.7825292,0,0.25531277768868
-12.812985483641816,7.48221563835559,-2.0517859,3.6875288,0,0.2398387169164
-12.893893944227916,7.540927923278487,-2.0452926,3.5877633,0,0.23292046364664
-12.9751633782683,7.599081983134494,-2.0381517,3.4890323,0,0.29205189099410994
-13.056950501456644,7.65657639839219,-2.0284311,3.3950496,0,0.37611955142112
-13.139358453609447,7.713109494594164,-2.0147552,3.3149963,0,0.55077602725684
-13.222686108128915,7.76826091466667,-1.995187,3.2500381,0,0.7320723820402399
-13.307262629793465,7.821547725561913,-1.9699179,3.1991597,0,0.89738541030402
-13.393251444508389,7.872413905820343,-1.9391418,3.1618333,0,1.05141549366555
-13.480914022251996,7.92042292728658,-1.9038458,3.1353003,0,1.17252612440271
-13.570288686033244,7.965114447732513,-1.8645349,3.1180585,0,1.27407268993765
-13.661387843944285,8.006112600826516,-1.8223824,3.1082946,0,1.3537558579674598
-13.754258238925864,8.043144912152375,-1.7778112,3.1033039,0,1.4039601314519798
-13.848549059190377,8.075887318167435,-1.7320028,3.1023764,0,1.44509530353628
-13.944518748958982,8.104299386279028,-1.6852557,3.1017727,0,1.44861811248557
-14.041403025783838,8.128124825675917,-1.6385676,3.1013854,0,1.4509645510776
-14.13964857750317,8.147479590595541,-1.5922024,3.100998,0,1.4225232933384
-14.238444643663788,8.162270374781208,-1.5467568,3.1034697,0,1.3925563373521501
-14.33783371133224,8.172624254348595,-1.5026879,3.1088163,0,1.34841736019874
-14.43777281058018,8.178670964741041,-1.4600765,3.1183136,0,1.29588007740288
-14.537224395264793,8.180555687229788,-1.4197483,3.1326006,0,1.2386988811931399
-14.637623528626735,8.178494905868062,-1.3811933,3.151915,0,1.172163147818
-14.7371329216785,8.172744634378901,-1.3453673,3.1769558,0,1.1036760333979
-14.836561489847256,8.16353686054581,-1.3120023,3.2076635,0,1.0249793609208
-14.935807395740591,8.151122483303636,-1.2808112,3.2052039,0,0.9951026672523299
-15.034284490667424,8.135689318657919,-1.2498153,3.1639186,0,1.01036924603446
-15.13252621290801,8.117009524204455,-1.2150294,3.1383643,0,1.18100634331661
-15.229770187998579,8.094720500526536,-1.175456,3.1208587,0,1.27012644955426
-15.326076231164434,8.068502091289197,-1.1344418,3.1037368,0,1.2819190295779201
-15.421188928830176,8.038350586303295,-1.0931776,3.0866459,0,1.2749137784986202
-15.514958088544764,8.004312867523245,-1.0519213,3.0679363,0,1.28082444245899
-15.60766814848803,7.966210638785725,-1.0096771,3.0496004,0,1.29535985438552
-15.698018959021674,7.924501951581341,-0.9667306,3.0338182,0,1.3287152894176
-15.786863237636041,7.878681965606958,-0.9223508,3.0204612,0,1.3596433925511602
-15.87366517745788,7.828844969645466,-0.8766403,3.0100118,0,1.3940162298927
-15.95770797158774,7.775281103368225,-0.8299301,3.0020356,0,1.42280456569896
-16.039588809650716,7.717464504814566,-0.7818463,2.9968037,0,1.452940337871
-16.118146291886,7.656087490541848,-0.7331513,2.9935085,0,1.4739981970847
-16.193819996601444,7.590726190710073,-0.6835167,2.9919085,0,1.4917799392608
-16.266142082787596,7.521674289792555,-0.6334645,2.9915349,0,1.5042445624461303
-16.33478167520454,7.449213910343534,-0.5832054,2.9911612,0,1.5034638053426002
-16.3999295836874,7.373118421811631,-0.5328887,2.9908844,0,1.50217677440348
-16.4608855337781,7.294250462993426,-0.4832292,2.9907501,0,1.4776578464076
-16.51810368462342,7.21214255328034,-0.4341305,2.9930717,0,1.4537998743458898
-16.571125828774537,7.12759945562744,-0.3864242,2.9976577,0,1.41080173234219
-16.62020408593714,7.040500794646852,-0.3401201,3.0063007,0,1.3628529101925402
-16.665260148352264,6.951326557916422,-0.295936,3.019287,0,1.3025554355292
-16.70642897620026,6.860303965064967,-0.2540198,3.0376257,0,1.2316639662410098
-16.74391087982446,6.76760123905868,-0.2149096,3.0621037,0,1.1546390781530602
-16.777831287696653,6.673684659511597,-0.1788579,3.0930342,0,1.06243188481956
-16.808563294239605,6.578484599117896,-0.1462197,3.1316214,0,0.96864776531466
-16.83629165676886,6.482571978488826,-0.1173108,3.1776855,0,0.85588257909825
-16.86147201758501,6.385777992458812,-0.0923514,3.2327911,0,0.7423212510806401
-16.884400580165433,6.288568536627728,-0.071662,3.2966716,0,0.6092951307850799
-16.905548199041185,6.190866205436368,-0.0554007,3.3709359,0,0.47149819783044006
-16.925322172605878,6.092925118282953,-0.0438405,3.455725,0,0.31642691535
-16.944200460636033,5.994792834625328,-0.0369821,3.5366357,0,0.17723637612408003
-16.962575928450974,5.896576061730715,-0.0333975,3.4251092,0,0.07409572983452
-16.980723385420877,5.79831613070191,-0.031652,3.302445,0,0.11635042126200001
-16.998504411569357,5.699989390743204,-0.0251645,3.1932942,0,0.30216003507486
-17.015346906195674,5.601507354577554,-0.0124221,3.1001989,0,0.50972261236229
-17.030569325110385,5.502752857885074,0.0078077,3.0247688,0,0.7271919266531199
-17.04342595924669,5.403664574670633,0.0351877,2.9636325,0,0.9039568124362501
-17.053256993554967,5.304225816006772,0.0687537,2.9163979,0,1.07009988273708
-17.059455711701112,5.204448650859056,0.107955,2.8799201,0,1.19876645363299
-17.061496100334786,5.104602801464734,0.152018,2.8550977,0,1.33019915474264
-17.058910185798435,5.004624822289415,0.2002523,2.8378559,0,1.41617324327787
-17.051353677997092,4.9050595815469835,0.2518087,2.8285755,0,1.50141324969345
-17.038526972022996,4.805890622042993,0.3057391,2.8236784,0,1.54814408609264
-17.020306133038734,4.707680338270724,0.3613972,2.8224797,0,1.58587203175043
-16.996593775032544,4.610580582180163,0.4176922,2.8221273,0,1.5945419987076601
-16.967436114588505,4.514966775876889,0.4742522,2.8217747,0,1.5870168832246
-16.932989939534647,4.421238233306288,0.5299913,2.8221941,0,1.5649348503909999
-16.89331876442431,4.3293547950172515,0.5849034,2.824795,0,1.5251884570755
-16.84894024555543,4.240125199865786,0.6378777,2.8312143,0,1.48245948078018
-16.799666348998873,4.152812169572344,0.6893145,2.8415299,0,1.42595386775039
-16.746418082837614,4.068621780805754,0.7382523,2.8568911,0,1.3740417727827001
-16.688894340050958,3.9866635373829307,0.7853274,2.8765605,0,1.3188845792628001
-16.627921054684002,3.907736032687991,0.829705,2.9006296,0,1.24341550119864
-16.56356635132592,3.8314012284345367,0.8705051,2.9308826,0,1.13518681083766
-16.496251354650585,3.7575159489994583,0.9061054,2.9702395,0,0.9469067091449499
-16.4267232164079,3.685919846814588,0.9341262,3.0261107,0,0.74277672536813
-16.355223875316945,3.615975721678882,0.9586404,3.0992193,0,0.75709030732506
-16.282253854867548,3.547997394761369,0.9830676,3.167514,0,0.8020025082468
-16.20747115606585,3.48179320623787,1.0096976,3.2283526,0,0.8998442083974201
-16.130992287837955,3.4177887458993115,1.0386303,3.2769504,0,0.9918299898374401
-16.05222569645986,3.355824825550079,1.0702677,3.2724871,0,1.07571723332005
-15.971868252802741,3.29677307169786,1.1042442,3.2483541,0,1.14696102433359
-15.889171907687656,3.240386220766934,1.1408731,3.2303715,0,1.2165982865437501
-15.804542667602643,3.187231413993385,1.1793916,3.2172815,0,1.2714493799265498
-15.717760254822764,3.1373950031223887,1.2198971,3.208657,0,1.3200373185459
-15.629209240446635,3.091279477259525,1.2616859,3.2045939,0,1.3675511535026899
-15.538438019350693,3.0488154704738797,1.3048366,3.2021824,0,1.38515138941952
-15.446412844897676,3.010526253631248,1.3483134,3.2017825,0,1.40546725333
-15.352293634062075,2.9761096936645104,1.3920779,3.2013826,0,1.39169736055376
-15.256986226865195,2.9458878742674672,1.435164,3.202376,0,1.3502216357312
-15.160830260644888,2.919792382000423,1.4760614,3.2074661,0,1.28306534366606
-15.063088907921042,2.8974180572349026,1.5150438,3.2190264,0,1.20789008359344
-14.96538002183315,2.878861351974722,1.5504006,3.2375609,0,1.04779546826157
-14.866752543125148,2.8633592741219807,1.5776475,3.2711692,0,0.71760194839164
-14.7678775932229,2.8500306198400187,1.5942503,3.3358743,0,0.38679762737186996
-14.668626062523373,2.8378231800572133,1.6010949,3.4302642,0,0.11718159836262
-14.569415045600843,2.8260282263515957,1.6034977,3.5242348,0,0.04928325186668
-14.470190888978122,2.8143817766131938,1.6043112,3.6144428,0,0.02318881922768
-14.370900527915666,2.8027932842053045,1.6048821,3.7012143,0,0.018620439021869998
-14.271674595792712,2.791262973252839,1.605325,3.7848315,0,0.01453413144315
-14.17241795765328,2.7797678689837197,1.605649,3.8655401,0,0.010182992285430001
-14.073112670435258,2.7682935278346052,1.6058515,3.9435558,0,0.00559511696904
-13.973887762565807,2.756842763163667,1.6059348,4.0190691,0,0.0010128054132000001
-13.874616348078186,2.7453892174019097,1.6059021,4.0920166,0,-0.0036950909898
-13.775333166980275,2.7339251956255333,1.6057547,4.1619175,0,-0.008518612739000002
-13.676094079879167,2.7224457904345285,1.605494,4.2289953,0,-0.01340676090006
-13.576824335446917,2.710931006605239,1.6051214,4.2934484,0,-0.018391844911079997
-13.477569550173255,2.6993747930333214,1.6046382,4.3554541,0,-0.0234584757826
-13.378330349218944,2.6877663215530028,1.6040454,4.4151711,0,-0.02859927080025
-13.279079948112471,2.676091430522914,1.6033437,4.4727426,0,-0.03383137775214
-13.179854845976266,2.6643434999685693,1.6025341,4.5282981,0,-0.03913491066963
-13.080633711523566,2.652509091281223,1.6016167,4.5819552,0,-0.04452194228736
-12.98142132275365,2.640578003935256,1.6005921,4.6338211,0,-0.05000263672587999
-12.882226922079461,2.628540610999539,1.5994605,4.6839939,0,-0.05555497805034
-12.783043080784585,2.616385170490749,1.5982217,4.7325634,0,-0.0612038761705
-12.683882501980738,2.604102578511219,1.5968759,4.7796122,0,-0.0669480280854
-12.584725861810936,2.5916794975742516,1.5954224,4.8252166,0,-0.07277970702112
-12.485599088761301,2.579108316923804,1.5938612,4.869447,0,-0.0787165585338
-12.386493369835906,2.566377085363167,1.5921917,4.9123688,0,-0.08475211643264
-12.287395130993835,2.5534732332697025,1.5904128,4.9540425,0,-0.09090321204525
-12.188345518581581,2.540390843028149,1.5885244,4.9945247,0,-0.09716298406133
-12.089299836427317,2.5271131470440475,1.5865252,5.0338679,0,-0.10349078676931
-11.990282772446196,2.51363204366046,1.5844143,5.0724548,0,-0.11006313874136
-11.89132979215813,2.499941060096091,1.5821889,5.1103636,0,-0.1167794738054
-11.792349361529824,2.486016147634789,1.5798521,5.1476161,0,-0.12309339951446999
-11.693424703724247,2.471858051357057,1.577428,5.1842326,0,-0.12536303904016
-11.594585034564581,2.457468860682884,1.5750418,5.2202329,0,-0.12320115060303
-11.49569324959893,2.4428336190327604,1.5727075,5.2556355,0,-0.1214114868126
-11.396898643040597,2.4279796433954473,1.5704252,5.2904581,0,-0.11947335718068001
-11.298141180536096,2.4129033217906315,1.568196,5.3247176,0,-0.11738180207672
-11.199367581262898,2.3976018606630833,1.5660196,5.3584303,0,-0.11521643246757
-11.100678441336246,2.382096228360339,1.5638991,5.3916114,0,-0.11295156302430001
-11.002004150267014,2.3663812644750917,1.5618338,5.4242758,0,-0.1105955592862
-10.903339931061161,2.350461809495739,1.5598245,5.4564375,0,-0.10815368461875
-10.804750214970522,2.3343538716635224,1.5578731,5.4881099,0,-0.10562141908045
-10.706160492482011,2.3180512467491474,1.5559789,5.5193061,0,-0.10301012132795999
-10.607597537613211,2.3015641505239,1.5541432,5.5500384,0,-0.10031971909920001
-10.509100013792667,2.284905101346006,1.5523672,5.5803187,0,-0.09754731906722
-10.410594064545206,2.268067589140621,1.5506501,5.6101585,0,-0.0947062076702
-10.312124043340187,2.251065295638463,1.5489935,5.6395686,0,-0.09179243831789999
-10.213710944491497,2.2339078665009726,1.5473979,5.6685596,0,-0.08880592211744
-10.115285558748026,2.216589494012527,1.5458628,5.6971417,0,-0.08575964372427
-10.016899862330662,2.199125618783925,1.5443895,5.7253247,0,-0.08264849723932
-9.918562801489951,2.181523964454282,1.5429784,5.7531178,0,-0.07947184335386
-9.82021299321011,2.163779804992115,1.541629,5.7805303,0,-0.07624461660396999
-9.721902650568106,2.1459090213480936,1.5403424,5.8075707,0,-0.07295934918996001
-9.62363279470204,2.127918240533381,1.5391188,5.8342475,0,-0.069616574869
-9.525351846373622,2.109804117076898,1.5379578,5.8605689,0,-0.06623146125268001
-9.427107227727197,2.0915821112576016,1.5368603,5.8865427,0,-0.06279410559798
-9.328895471329169,2.0732577671628145,1.5358263,5.9121765,0,-0.059307998559750004
-9.230675458241265,2.054830129326337,1.5348555,5.9374775,0,-0.055786163599
-9.13248680504591,2.0363127703823123,1.5339486,5.9624529,0,-0.0522191624982
-9.034322227204148,2.017711062061591,1.5331055,5.9871095,0,-0.0486105394524
-8.936155209702047,1.9990264583365491,1.532326,6.0114539,0,-0.04497349006207
-8.838012065543905,1.9802702177952178,1.5316104,6.0355874,0,-0.0412985067845
-8.739885114682348,1.961447652393195,1.5309586,6.0596188,0,-0.03759023926392
-8.641760863994035,1.9425623864404213,1.5303706,6.0835493,0,-0.03386042704887
-8.543652673582148,1.923623720885392,1.5298463,6.1073801,0,-0.03010022282285
-8.445553417560106,1.9046366468943403,1.5293857,6.1311123,0,-0.026312281546679996
-8.347461348506997,1.885607373051659,1.5289886,6.1547472,0,-0.022507910510400003
-8.24937730475052,1.866542397603777,1.5286548,6.1782857,0,-0.018679428985379998
-8.151295514795983,1.8474471186845294,1.5283843,6.2017291,0,-0.014830194796829997
-8.053224568487348,1.8283296106100226,1.5281768,6.2250783,0,-0.01096983298026
-7.955153597551748,1.8091941978044788,1.5280321,6.2483345,0,-0.007092484490950001
-7.857079119611772,1.7900465232323286,1.5279499,6.2714987,0,-0.00320034578661
-7.759018365921619,1.7708963717736768,1.52793,6.2945719,0,0.00069555019495
-7.6609494985790425,1.751745702005906,1.5279719,6.3175551,0,0.0046023388903499995
-7.56287197163224,1.7326008029620608,1.5280754,6.3404493,0,0.0085152234099
-7.4648107138060045,1.7134727240167864,1.5282401,6.3632554,0,0.01242489249404
-7.366732788803975,1.6943612407110304,1.5284655,6.3859744,0,0.01633787690496
-7.268642495652628,1.6752733743246857,1.5287513,6.4086072,0,0.020248635309119998
-7.170569889742553,1.6562210501877948,1.5290967,6.4311547,0,0.024148342783029998
-7.07247192515435,1.637202010243001,1.5295015,6.4536179,0,0.02804226049908
-6.974359906245337,1.6182244356580462,1.5299649,6.4759976,0,0.03192472536872001
-6.876265485383641,1.5993003919868765,1.5304863,6.4982946,0,0.03578740802112
-6.778136396920794,1.5804257220681517,1.5310653,6.5205098,0,0.03963557087028
-6.679994707875053,1.561610334822365,1.531701,6.5426441,0,0.04346147622748
-6.581867962607453,1.5428653715319833,1.5323924,6.5646983,0,0.04725729365221
-6.483697063734866,1.5241850357060915,1.5331393,6.5866731,0,0.05102959117493999
-6.385519101866343,1.505582214808365,1.5339405,6.6085694,0,0.05476917975944
-6.2873498066710125,1.4870652531487887,1.534795,6.630388,0,0.058465435306400006
-6.189126254446166,1.4686275736735166,1.5357024,6.6521295,0,0.06213022431705
-6.090907342810241,1.4502856630602743,1.5366614,6.6737949,0,0.06576023804714999
-5.99268513643133,1.4320431765118686,1.5376708,6.6953847,0,0.06930593564511
-5.894398293640451,1.4138937760754653,1.5387298,6.7168998,0,0.07282261256165999
-5.796136388117496,1.395859090340249,1.5398378,6.7383408,0,0.07639661265407999
-5.697849784794057,1.377934955175593,1.5409934,6.7597085,0,0.07960435520855
-5.5994891210750035,1.360116741952958,1.5421911,6.7810035,0,0.0827662163196
-5.5011861854356745,1.3424331673533532,1.5434419,6.8022266,0,0.08731542130558
-5.402841514474914,1.3248718284807066,1.5447303,6.8233784,0,0.08552695421696
-5.3043846190343364,1.307417318565415,1.545929,6.8444596,0,0.0783040400538
-5.206055984189146,1.2901005220469683,1.5469891,6.8654708,0,0.0672335555444
-5.107611842787738,1.2728627518245914,1.5478881,6.8864127,0,0.05680050923214001
-5.009137535759142,1.2557034548775152,1.548642,6.9072858,0,0.047250669972060004
-4.91072910118849,1.2386249085297214,1.5492547,6.9280909,0,0.03759320684158
-4.812237180128421,1.2215868406463852,1.5497271,6.9488286,0,0.0280489466439
-4.713771845483788,1.204594357656537,1.550063,6.9694993,0,0.01875074091672
-4.6153140147435625,1.1876305176661586,1.5502655,6.9681652,0,0.00952339137884
-4.516803789824598,1.1706714010256851,1.5503366,6.903417,0,0.00041420502000000004
-4.418351717343889,1.1537229948438887,1.5502785,6.8379535,0,-0.008354611586300001
-4.319874959729279,1.1367579125065312,1.5500929,6.7727158,0,-0.01686203052726
-4.2213862464954675,1.1197655370717035,1.5497812,6.70767,0,-0.025132968723000002
-4.122939794195633,1.1027431399204113,1.5493612,6.6425465,0,-0.03081278044955
-4.02447601183188,1.085670792104613,1.5488632,6.5769637,0,-0.032812471899300005
-3.926029241893183,1.0685514589996938,1.5483959,6.5107207,0,-0.028414087278940004
-3.827588136664946,1.051389291433702,1.5480011,6.4433358,0,-0.02236675156254
-3.729154392236278,1.034193142275197,1.5477032,6.374615,0,-0.01591103904
-3.630722900604304,1.0169720496825452,1.5475014,6.3044859,0,-0.009727821743700002
-3.5322903634417187,0.9997351230485348,1.5473942,6.2329428,0,-0.0038083280508
-3.4338829719573796,0.9824964343516547,1.547379,6.1599774,0,0.00188741707536
-3.335434262540854,0.9652534226373249,1.5474531,6.0865007,0,0.00716685457425
-3.237009195441483,0.9480266260652872,1.547614,6.012638,0,0.0121912248088
-3.1385898798668035,0.9308213304226184,1.5478573,5.9383296,0,0.0168915785472
-3.040127512106823,0.9136372392450655,1.5481803,5.8635028,0,0.02115434540184
-2.9417084305395655,0.896497312595356,1.5485782,5.7880992,0,0.02514871221408
-2.843246611076009,0.879393909393184,1.5490462,5.712039,0,0.0286824326346
-2.744769903922745,0.862338823958915,1.5495802,5.6352445,0,0.03180588348245
-2.6463548608690646,0.8453515145441697,1.5501735,5.5576478,0,0.0346435975613
-2.5478254485305287,0.8284076012891789,1.5508214,5.4791441,0,0.036863681504799996
-2.449333518221127,0.8115382262625807,1.5515174,5.3996517,0,0.038732241609269996
-2.3508869997776425,0.7947491390459784,1.5522532,5.3190837,0,0.04024046391561
-2.252305155061257,0.7780136305552159,1.553024,5.2373185,0,0.041082573777700006
-2.15379651837171,0.7613698926196786,1.5538205,5.1542619,0,0.041591800975859995
-2.0552862041211903,0.7448075176105218,1.5546337,5.069845,0,0.041632553171
-1.9566720182116801,0.7283107569935242,1.555457,4.9839539,0,0.04104983790196
-1.8581444831257854,0.7119118440375448,1.5562791,4.8964462,0,0.04012050087355999
-1.7595681302565425,0.6955876751383789,1.55709,4.8071992,0,0.038637382850080004
-1.6609218860811195,0.6793331437673172,1.5578812,4.7160597,0,0.036582475092899996
-1.5623731104411562,0.6631731393479431,1.5586392,4.6228618,0,0.03417635500122
-1.463739792259843,0.6470739843221732,1.5593528,4.5274493,0,0.031181448818959998
-1.3650625653041368,0.6310371676436015,1.5600113,4.4296274,0,0.0276718823678
-1.266490516584433,0.6150806705060611,1.5605996,4.329192,0,0.0238304702832
-1.1678221308359424,0.5991640244272837,1.5611047,4.2259376,0,0.01944015814752
-1.069116887011655,0.5832878245133253,1.561514,4.1196134,0,0.01460897303908
-0.970521380526112,0.5674651242861447,1.5618112,4.0099514,0,0.009513208701360002
-0.8718525457921251,0.551654501640683,1.5619815,3.8966683,0,0.00400811301338
-0.7731260153777318,0.5358448681678317,1.5620108,3.7794257,0,-0.00181639199142
-0.6745115862058334,0.5200483339862272,1.5618829,3.6588378,0,-0.0077585655549
-0.5758875159297697,0.5042285985307251,1.5615817,3.5347512,0,-0.01385481080352
-0.47715330235260073,0.4883513577431086,1.5610926,3.4067481,0,-0.02006302091052
-0.378530601078092,0.47243423329523687,1.5605289,3.2737452,0,-0.00557453332656
-0.27999085970750176,0.45651892663224164,1.5610316,3.1367113,0,0.03717159726065
-0.18119640507515436,0.440775283693676,1.5657149,3.014774,0,0.251408033408
-0.08235887322055732,0.4258727481043371,1.5778922,2.9089124,0,0.47188115150684007
0.016586553744914426,0.4125935168287513,1.5982797,2.8196536,0,0.69203688790488
0.11593798970600236,0.4017249818479066,1.6266962,2.7453741,0,0.8891185032504599
0.21563471997123,0.3940699306905047,1.662848,2.6850118,0,1.0684389590397798
0.31543783674811665,0.3903897144428994,1.7062092,2.6380924,0,1.2353374176740801
0.4152247372877604,0.39137541473265836,1.7562446,2.6043923,0,1.39165780682269
0.5149838458378264,0.397677161679033,1.8124328,2.5820101,0,1.52108667900595
0.6141752201827805,0.4098317711013545,1.8738695,2.5715164,0,1.6479215694686002
0.7121632452061262,0.4282663237925427,1.9403863,2.5711953,0,1.7501586456087
0.80898235165576,0.4533290851307208,2.0072609,2.5708741,0,1.6657485123122802
