# s_m, x_m, y_m, psi_rad, kappa_radpm, vx_mps, ax_mps2
0,0.3274338,0.5815828,-1.316985,0.1588259,3.477325,-2.5596267
0.099931,0.4242189,0.6075264,-1.3006487,0.1688093,3.4029718,-2.5544112
0.1998619,0.5206092,0.6351178,-1.2832439,0.1770082,3.327114,-2.5499793
0.2997929,0.6163539,0.6643685,-1.2654078,0.1739625,3.2496222,-2.6655255
0.3997238,0.7114373,0.6952301,-1.2488216,0.1535068,3.1665923,-2.9541769
0.4996548,0.8058203,0.7274537,-1.235627,0.0985547,3.0719505,-3.5755763
0.5995858,0.8996811,0.7605014,-1.2295915,0.0708559,2.9533469,-2.6892673
0.6995167,0.9933856,0.794347,-1.2163545,0.2224818,2.8609047,-1.0553106
0.7994477,1.0864599,0.8303519,-1.1835093,0.4332478,2.8238023,-0.1373433
0.8993786,1.1779074,0.8702963,-1.1324442,0.5502598,2.8189377,-0.1250317
0.9993096,1.2669892,0.915107,-1.0771536,0.5393814,2.8145019,-0.2179556
1.0992406,1.3534782,0.9645732,-1.0257825,0.5220504,2.8067525,-0.1880789
1.1991715,1.4375246,1.0186445,-0.9720112,0.551221,2.8000482,-0.0097979
1.2991025,1.5188396,1.0775524,-0.9152763,0.5741032,2.7996985,-0.0097979
1.3990334,1.5962017,1.1406384,-0.858153,0.5719412,2.7993488,0.0082713
1.4989644,1.6696385,1.2078318,-0.8015055,0.56575,2.799644,0.0558505
1.5988954,1.739522,1.2794327,-0.7451688,0.5566364,2.8016368,0.1210556
1.6988263,1.8055585,1.3551217,-0.68977,0.5465411,2.8059514,0.1870418
1.7987573,1.8668673,1.4336526,-0.6362205,0.5300759,2.8126048,0.296816
1.8986882,1.9240979,1.5155433,-0.5840273,0.5119716,2.8231309,0.4095887
1.9986192,1.9772389,1.6005569,-0.533578,0.4939004,2.8375922,0.5130839
2.0985502,2.0258922,1.6876659,-0.4855702,0.4695367,2.8556042,0.6609812
2.1984811,2.0704881,1.7771201,-0.4398274,0.4431334,2.8786421,0.8175811
2.2984121,2.1111442,1.8686254,-0.3968271,0.4162025,2.9068855,0.9725335
2.398343,2.147855,1.9614477,-0.3569533,0.3833625,2.9401286,1.1752729
2.498274,2.1810444,2.0557814,-0.3202349,0.3483479,2.9798067,1.3958334
2.598205,2.2109172,2.1511771,-0.2873485,0.310184,3.0262555,1.647818
2.6981359,2.2378066,2.2474433,-0.2579207,0.2792721,3.080188,1.8385306
2.7980669,2.2619886,2.3443848,-0.2314441,0.2536201,3.1392691,1.9882527
2.8979978,2.2837021,2.4419182,-0.2069514,0.2364278,3.2019348,2.0632352
2.9979288,2.3030962,2.5398953,-0.1841409,0.2208949,3.2656927,2.1308802
3.0978598,2.320337,2.6383525,-0.1628109,0.2061661,3.3302598,2.1996243
3.1977907,2.3355327,2.7370744,-0.1428536,0.1934036,3.3956224,2.2555947
3.2977217,2.3488199,2.8360825,-0.1241654,0.1808981,3.4613666,2.3176725
3.3976526,2.3603302,2.9354498,-0.1066834,0.1686279,3.5276442,2.385993
3.4975836,2.3701429,3.034766,-0.0904985,0.1557126,3.5945991,2.4718642
3.5975146,2.3784227,3.1343756,-0.0755885,0.142229,3.6626731,2.5752036
3.6974455,2.3852865,3.2340961,-0.0620962,0.1277681,3.7322727,2.4138479
3.7973765,2.390872,3.3337721,-0.0501416,0.111172,3.7963529,-2.909264
3.8973074,2.3953598,3.4337331,-0.0398694,0.0948453,3.7189843,-3.2016864
3.9972384,2.3988831,3.5334601,-0.0309353,0.084226,3.6319347,-3.3700427
4.0971694,2.4015649,3.6333627,-0.0226302,0.0915209,3.5379946,-3.1024659
4.1971003,2.4033248,3.7333696,-0.0121084,0.1187161,3.4492523,-2.4814567
4.2970313,2.4038624,3.8330944,0.0023875,0.1782936,3.3765948,-1.8704178
4.3969622,2.4026215,3.9332037,0.0234491,0.2397053,3.3207781,-1.5223194
4.4968932,2.3990317,4.0327081,0.0493252,0.2789329,3.2746471,-1.322297
4.5968242,2.3926524,4.1325187,0.078777,0.3050737,3.2340434,-1.24233
4.6967551,2.3832431,4.2320327,0.1100199,0.3202934,3.1954252,-1.1490269
4.7966861,2.3706545,4.3311764,0.1428515,0.336982,3.1592872,-1.027397
4.896617,2.3546953,4.4300448,0.1775511,0.356476,3.1266209,-0.9707323
4.996548,2.3352817,4.5280226,0.2138661,0.3695824,3.0954395,-0.8929043
5.096479,2.3122107,4.6254152,0.2515877,0.3848494,3.0664781,-0.8913621
5.1964099,2.285444,4.7217804,0.290405,0.3924244,3.0372914,-0.8563378
5.2963409,2.2549284,4.8169696,0.3302625,0.4036872,3.0089848,-0.8544411
5.3962718,2.2205241,4.9110635,0.3709008,0.4089825,2.980473,-0.8773572
5.4962028,2.1823454,5.0035365,0.4123345,0.4163317,2.9509099,-0.8834698
5.5961338,2.1403644,5.0943055,0.4541702,0.4222622,2.9208384,-0.9052587
5.6960647,2.0943444,5.1836663,0.4970332,0.4275248,2.8897007,-0.9214957
5.7959957,2.0453218,5.269622,0.5397862,0.4394593,2.8576561,-0.9104669
5.8959266,1.9912483,5.3554838,0.5841573,0.4350559,2.8256381,-1.0249177
5.9958576,1.9342926,5.4376818,0.6277046,0.4309395,2.7891555,-1.1389416
6.0957886,1.875041,5.5158503,0.6692861,0.4180454,2.7480461,-1.1991584
6.1957195,1.8107549,5.5941155,0.7024109,0.2009871,2.7040879,-2.5889627
6.2956505,1.7461497,5.6699078,0.7014767,-0.2825059,2.6066562,-2.2166059
6.3955814,1.6837056,5.7467317,0.6632058,-0.3607467,2.5202463,-2.088978
6.4955124,1.6231402,5.8259775,0.6501032,0.1082083,2.4360078,-1.2485355
6.5954434,1.5615829,5.9045329,0.6869591,0.5732278,2.3842398,-0.007104
6.6953743,1.4956925,5.9796833,0.7563343,0.7918103,2.383942,-0.007104
6.7953053,1.4247801,6.0491602,0.8346411,0.7815776,2.3836442,0.0521615
6.8952362,1.3484524,6.1131547,0.9107002,0.7401848,2.38583,0.2796157
6.9951672,1.2671528,6.1716373,0.9831037,0.7036416,2.3975132,0.448234
7.0950982,1.1815455,6.2244519,1.0525283,0.6781493,2.4161238,0.5339015
7.1950291,1.0934437,6.2708816,1.1186054,0.6520121,2.438106,0.6167741
7.2949601,1.002241,6.311604,1.1826611,0.6273706,2.4632561,0.6857626
7.394891,0.9082593,6.3466619,1.2445021,0.6043573,2.4909212,0.7423954
7.494822,0.8128548,6.3758318,1.3031043,0.5719129,2.5205287,0.8586587
7.594753,0.7158182,6.3995415,1.3585491,0.5337776,2.554345,1.0091168
7.6946839,0.617324,6.4180955,1.4099794,0.4924534,2.5935231,1.1791719
7.7946149,0.5185768,6.4317307,1.4562612,0.4369302,2.6385666,1.4493748
7.8945458,0.4190344,6.4410733,1.4971994,0.3782501,2.6928997,1.7479761
7.9944768,0.3191372,6.4466492,1.5318102,0.3143502,2.7570024,2.1011035
8.0944078,0.2193656,6.4490879,1.5597059,0.2434531,2.8321358,2.5372379
8.1943387,0.1192843,6.4490961,1.5805492,0.1722818,2.9202894,3.0201054
8.2942697,0.019419,6.4473883,1.5939981,0.0974888,3.0218693,3.4776507
8.3942006,-0.080524,6.4447042,1.6000553,0.0231724,3.1347638,-2.9790971
8.4941316,-0.1804673,6.4417878,1.5986412,-0.0513286,3.0383114,-3.4533841
8.5940626,-0.280393,6.4393824,1.5898814,-0.1237883,2.9225222,-2.956746
8.6939935,-0.3803419,6.4382141,1.5738846,-0.1953652,2.8196091,-2.5489938
8.7939245,-0.4803025,6.4389941,1.5509692,-0.2634556,2.7277735,-2.2129076
8.8938554,-0.5802263,6.4424059,1.5212894,-0.3280488,2.6454626,-1.9231631
8.9937864,-0.6798399,6.4490816,1.4854275,-0.3908472,2.5717903,-1.7093155
9.0937174,-0.7793486,6.4596559,1.4435207,-0.4461594,2.5044916,-1.5274386
9.1936483,-0.8780701,6.4746257,1.3961809,-0.4994,2.4427856,-1.4123967
9.2935793,-0.976027,6.4945142,1.3440414,-0.5443719,2.3843065,-1.2845882
9.3935102,-1.0728277,6.5197251,1.2871725,-0.5936057,2.3298449,-1.1151588
9.4934412,-1.1676333,6.5505275,1.2251665,-0.6515183,2.2815125,-0.9740942
9.5933722,-1.2607723,6.5876341,1.1572809,-0.7049372,2.2384403,-0.8544052
9.6933031,-1.3507981,6.6310966,1.0839161,-0.7544951,2.1999663,-0.7734381
9.7932341,-1.4369882,6.6810304,1.0067896,-0.7966281,2.1645487,-0.7711848
9.893165,-1.5196318,6.738113,0.925521,-0.8210525,2.1286476,-0.7817527
9.993096,-1.5969179,6.8014976,0.8418299,-0.8461231,2.0916257,-0.7979843
10.093027,-1.6680798,6.8706743,0.7568423,-0.8713367,2.0531467,-0.8118569
10.1929579,-1.7339874,6.9469146,0.6686684,-0.8822943,2.0132441,-0.9066827
10.2928889,-1.7926254,7.0283683,0.5790448,-0.8965669,1.9677247,-1.0019465
10.3928198,-1.8434684,7.1143612,0.4886531,-0.9061067,1.9161654,-1.1168606
10.4927508,-1.8862543,7.204376,0.3990672,-0.8848353,1.8570061,-1.3385749
10.5926818,-1.9210567,7.2978228,0.3157842,-0.79145,1.7835195,-1.9467988
10.6926127,-1.9482862,7.3932313,0.2402204,-0.8259089,1.6708832,-0.530037
10.7925437,-1.9673705,7.4902542,0.1367369,-1.4793164,1.6388766,-0.0033566
10.8924746,-1.9729003,7.5898324,-0.0278662,-1.6758243,1.6386719,-0.0033566
10.9924056,-1.9618765,7.6891559,-0.1909881,-1.5665879,1.6384672,0.2910218
11.0923366,-1.9355001,7.785462,-0.3415041,-1.4476641,1.6561217,0.5260068
11.1922675,-1.8954652,7.876995,-0.4811322,-1.3380662,1.6875627,0.6858046
11.2921985,-1.8434854,7.9624267,-0.610223,-1.2299875,1.7276961,0.8248375
11.3921294,-1.7813295,8.040861,-0.7282294,-1.1163995,1.7747641,0.9796414
11.4920604,-1.7108155,8.1118544,-0.8338231,-0.9890499,1.8290928,1.1868718
11.5919914,-1.6337628,8.1755127,-0.9239396,-0.8185831,1.8928262,1.5627095
11.6919223,-1.5518462,8.2326409,-0.9966532,-0.6373918,1.9736051,2.0124155
11.7918533,-1.4665728,8.2843819,-1.0509468,-0.4441968,2.0729984,2.5857717
11.8917842,-1.3793424,8.3321378,-1.0868049,-0.3257088,2.1941102,2.925981
11.9917152,-1.2900018,8.3773069,-1.1181566,-0.3132722,2.3235559,2.8019223
12.0916462,-1.1996265,8.4193761,-1.1533103,-0.3858067,2.4410877,2.1935643
12.1915771,-1.1080388,8.4578656,-1.1927548,-0.3998846,2.5292923,1.9338141
12.2915081,-1.0137558,8.4931182,-1.2332868,-0.4016493,2.6045758,1.7668058
12.391439,-0.9188648,8.5243114,-1.273006,-0.3954284,2.6715038,1.6689332
12.49137,-0.8228157,8.5517404,-1.3119439,-0.3794682,2.7332194,1.6558492
12.591301,-0.7250891,8.5756601,-1.34933,-0.3652416,2.793104,1.6408416
12.6912319,-0.6275583,8.5958136,-1.3842732,-0.3380073,2.8512053,1.7420511
12.7911629,-0.5287943,8.6127613,-1.4170483,-0.3133779,2.9116217,1.8327294
12.8910938,-0.4298086,8.6265728,-1.446751,-0.2818712,2.9738584,1.9961233
12.9910248,-0.3303313,8.6376046,-1.4733591,-0.2470693,3.0401946,2.2048384
13.0909558,-0.230829,8.6461568,-1.4961251,-0.2091675,3.1118236,2.4624331
13.1908867,-0.1308738,8.6526502,-1.5150147,-0.1672037,3.1899205,1.8291473
13.2908177,-0.0312217,8.6574531,-1.5295342,-0.1232745,3.2467168,-3.1997741
13.3907486,0.0688866,8.6610472,-1.5394756,-0.074818,3.1466898,-3.7645331
13.4906796,0.1687518,8.6638843,-1.5445558,-0.0294406,3.024776,-4.241147
13.5906106,0.2684583,8.6664232,-1.5454228,0.0125643,2.8812543,-3.7495102
13.6905415,0.3684118,8.6691451,-1.5401708,0.1006231,2.7481343,-3.1232464
13.7904725,0.4681236,8.672865,-1.5251937,0.1999724,2.632114,-2.5545746
13.8904034,0.5679494,8.6785932,-1.5000225,0.3043956,2.5332709,-2.1056
13.9903344,0.6676265,8.6873608,-1.4645193,0.4005408,2.4488022,-1.7041825
14.0902654,0.7664858,8.7000621,-1.4199346,0.4955573,2.3782412,-1.3961618
14.1901963,0.8652032,8.7177244,-1.3661831,0.5784944,2.3188341,-1.0955486
14.2901273,0.9624115,8.7410016,-1.3039547,0.661279,2.2711304,-0.7894405
14.3900582,1.0575318,8.7705372,-1.2341378,0.7433242,2.2361248,-0.5245392
14.4899892,1.1509277,8.8073155,-1.1560378,0.8133278,2.2125593,-0.2610087
14.5899202,1.2406067,8.8513794,-1.0710669,0.8764864,2.2007392,-0.0060526
14.6898511,1.3255931,8.9027935,-0.981504,0.9293597,2.2004643,-0.0060526
14.7897821,1.4065092,8.9624477,-0.8902136,0.8885294,2.2001895,0.1927257
14.889713,1.4815649,9.0288731,-0.803322,0.8369914,2.2089256,0.4099248
14.989644,1.5505291,9.1010553,-0.7229351,0.7740719,2.2273932,0.6534105
15.089575,1.613502,9.1780627,-0.6491059,0.7062565,2.2565178,0.8974671
15.1895059,1.6709741,9.2592706,-0.58497,0.5707855,2.2959185,1.4846625
15.2894369,1.7237642,9.3441047,-0.5289752,0.530136,2.3596545,1.5412591
15.3893678,1.7717815,9.4316722,-0.4732489,0.5803789,2.4240479,1.0823439
15.4892988,1.8147084,9.5218005,-0.4162167,0.5535873,2.4682641,1.1197496
15.5892298,1.8525211,9.6141122,-0.3614342,0.5434568,2.5131898,1.0595645
15.6891607,1.8852275,9.7082719,-0.3070056,0.5506143,2.5549735,0.8974907
15.7890917,1.9127237,9.8040975,-0.2516535,0.5613363,2.5898386,0.7265854
15.8890226,1.9348523,9.9014582,-0.1951942,0.5692704,2.6177243,0.5905202
15.9889536,1.9514508,10.0001785,-0.1378719,0.5745292,2.640171,0.4865292
16.0888846,1.9623692,10.0999813,-0.079984,0.5785589,2.6585225,0.4020607
16.1888155,1.9674648,10.1994341,-0.022388,0.5791654,2.6735928,0.3511335
16.2887465,1.9668126,10.2992146,0.0354351,0.5786338,2.6866851,0.3142382
16.3886774,1.9603619,10.3991729,0.0934692,0.5786528,2.6983478,0.2776806
16.4886084,1.948142,10.4985155,0.1513059,0.578065,2.7086119,0.2498102
16.5885394,1.9302861,10.5965988,0.2087705,0.5744166,2.7178128,0.2478349
16.6884703,1.9067448,10.6938492,0.2661932,0.5715414,2.7269101,0.2407011
16.7884013,1.8776781,10.7896053,0.3231681,0.568048,2.7357167,0.2392905
16.8883322,1.8433312,10.8832907,0.3795016,0.5607119,2.7444437,0.2673192
16.9882632,1.803691,10.97513,0.4353378,0.5539862,2.7541601,0.2883122
17.0881942,1.7590539,11.0645779,0.4902627,0.5456468,2.7646013,0.3200565
17.1881251,1.7096429,11.151407,0.5442477,0.5341561,2.7761462,0.3736317
17.2880561,1.6556169,11.2355483,0.5971703,0.5232169,2.7895631,0.418776
17.387987,1.597305,11.3167002,0.6487425,0.5096479,2.8045249,0.4816041
17.487918,1.5348967,11.3948278,0.6990067,0.4943489,2.8216332,0.5542327
17.587849,1.4687684,11.4697015,0.7476674,0.4795024,2.8411941,0.6191816
17.6877799,1.3990548,11.5414056,0.7946737,0.461142,2.8628893,0.7101726
17.7877109,1.3260916,11.6098342,0.8399231,0.4422651,2.8875719,0.8019395
17.8876418,1.2503996,11.6747802,0.8830873,0.4232927,2.9151927,0.8920882
17.9875728,1.1716918,11.7367439,0.9242446,0.3988161,2.9456142,1.0287691
18.0875038,1.0907072,11.7954181,0.9629912,0.3757494,2.9803112,1.1513957
18.1874347,1.0078957,11.8508046,0.9991983,0.3522051,3.0186711,1.2791851
18.2873657,0.922777,11.9034752,1.0339809,0.3420239,3.0607246,1.2841978
18.3872966,0.8360338,11.9531317,1.0676055,0.3315123,3.1023697,1.2972632
18.4872276,0.7478512,11.9998083,1.1001453,0.3199414,3.1438784,1.3253533
18.5871586,0.6581238,12.0436982,1.1313228,0.3037648,3.1857273,1.4044476
18.6870895,0.5670116,12.0848839,1.1609459,0.2890017,3.2294821,1.4728039
18.7870205,0.4748595,12.1233759,1.1890803,0.2757096,3.2747384,1.5299102
18.8869514,0.3816999,12.1593098,1.2160389,0.2643907,3.3210966,1.5700669
18.9868824,0.2875389,12.1927948,1.2420877,0.2565978,3.3680082,1.575109
19.0868134,0.1925943,12.2238387,1.2673934,0.2508113,3.4144229,1.5613981
19.1867443,0.096895,12.252497,1.2921967,0.2464799,3.459819,1.5345873
19.2866753,0.0004453,12.2788087,1.3167032,0.2435718,3.5038626,1.4943103
19.3866062,-0.0964916,12.3027304,1.3409949,0.2428638,3.5462246,1.4300963
19.4865372,-0.1940141,12.3243014,1.3652274,0.2428052,3.5862976,1.3610761
19.5864682,-0.2921223,12.3435184,1.3895196,0.2433599,3.6240251,1.2874024
19.6863991,-0.3906506,12.3603392,1.4139142,0.2446588,3.6593525,1.207069
19.7863301,-0.4894311,12.3747276,1.4384224,0.246454,3.6921684,1.1232727
19.886261,-0.588652,12.3866945,1.4631442,0.2483757,3.7224464,1.0410349
19.986192,-0.6882783,12.3962065,1.488108,0.250465,3.7502894,0.9597115
20.086123,-0.78781,12.4032007,1.51321,0.2526814,3.7757754,0.8798323
20.1860539,-0.8876145,12.4076876,1.5385638,0.2548488,3.79899,0.803899
20.2859849,-0.9876485,12.4096332,1.5641737,0.2570452,3.8200777,0.7306993
20.3859158,-1.0874996,12.4090096,1.5899427,0.2591207,3.8391448,0.6623872
20.4858468,-1.1873351,12.4058015,1.6159282,0.2610882,3.8563479,0.5986595
20.5857778,-1.2871994,12.3999803,1.6421483,0.2630751,3.8718301,0.537485
20.6857087,-1.3867281,12.3915482,1.6685119,0.2648571,3.8856777,0.4821839
20.7856397,-1.4860033,12.3804857,1.6950564,0.2664984,3.8980586,0.4316005
20.8855706,-1.5850807,12.3667642,1.7218004,0.2681901,3.9091075,0.3826531
20.9855016,-1.6836202,12.3504147,1.7486565,0.2696132,3.9188773,0.3401912
21.0854326,-1.7817037,12.3314135,1.7756654,0.2709146,3.9275426,0.3016997
21.1853635,-1.8793417,12.3097397,1.8028318,0.2722995,3.9352114,0.263843
21.2852945,-1.976221,12.2854508,1.8300755,0.2733225,3.9419058,0.2335218
21.3852254,-2.07245,12.2585121,1.8574462,0.2742962,3.9478213,0.2055313
21.4851564,-2.1679735,12.2289233,1.8849277,0.2753767,3.9530205,0.1773283
21.5850874,-2.2625284,12.1967586,1.9124564,0.2759683,3.9575008,0.1582589
21.6850183,-2.3562243,12.1619753,1.9400809,0.2766266,3.9614949,0.1391589
21.7849493,-2.4489381,12.1246084,1.9677626,0.2773132,3.9650038,0.1206369
21.8848802,-2.5405338,12.0847083,1.99548,0.2775474,3.968043,0.1102337
21.9848112,-2.6310216,12.0422671,2.0232469,0.277901,3.9708182,0.0985157
22.0847422,-2.7202836,11.9973355,2.0510259,0.2781423,3.9732967,0.0892092
22.1846731,-2.8082685,11.9499376,2.078825,0.278077,3.9755397,0.0852606
22.2846041,-2.8948959,11.9001162,2.1066232,0.2781389,3.9776823,0.0795203
22.384535,-2.9801063,11.8479062,2.1344046,0.2779479,3.9796796,0.0781062
22.484466,-3.0638501,11.7933388,2.1621776,0.2776087,3.9816404,0.0791254
22.584397,-3.1460055,11.7364984,2.1899023,0.2773973,3.9836258,0.0780699
22.6843279,-3.2266029,11.6773677,2.217598,0.2768162,3.9855837,0.0829533
22.7842589,-3.3055247,11.6160363,2.2452463,0.2762347,3.987663,0.0875898
22.8841898,-3.3826523,11.5526089,2.2728045,0.2757735,3.9898574,0.0900732
22.9841208,-3.4581192,11.4869805,2.3003359,0.2748732,3.9921128,0.0994342
23.0840518,-3.5316998,11.4193528,2.3277755,0.274087,3.9946011,0.106493
23.1839827,-3.6033335,11.3498019,2.3551008,0.2733566,3.9972643,0.1123031
23.2839137,-3.673177,11.2781813,2.3823917,0.2722831,4.0000708,0.1233155
23.3838446,-3.7409663,11.2047709,2.4095588,0.2713394,4.0031504,0.1316974
23.4837756,-3.8066864,11.1296131,2.4365993,0.2704125,4.0064366,0.1394005
23.5837066,-3.8704872,11.0525436,2.4635969,0.2692634,4.0099121,0.1503086
23.6836375,-3.9321056,10.9738922,2.4904539,0.2682395,4.0136562,0.1586756
23.7835685,-3.9915367,10.8936971,2.5171767,0.26725,4.0176049,0.1661017
23.8834994,-4.0489496,10.8117375,2.5438651,0.2661574,4.0217343,0.1748601
23.9834304,-4.1040807,10.7283999,2.5704149,0.2652255,4.0260768,0.1806204
24.0833614,-4.1569049,10.643761,2.5968354,0.2644017,4.0305575,0.1843831
24.1832923,-4.2076342,10.5574917,2.6231499,0.2614334,4.0351264,0.222925
24.2832233,-4.2560318,10.4700371,2.6490028,0.2539516,4.0406434,0.3333744
24.3831542,-4.3021311,10.3815095,2.6738059,0.2426844,4.0488798,0.5010791
24.4830852,-4.3461413,10.2917562,2.6973453,0.2279459,4.0612282,0.7197412
24.5830162,-4.3880742,10.2010507,2.7196894,0.2216215,4.0788998,0.791992
24.6829471,-4.4279642,10.1094981,2.7416316,0.218621,4.0982572,0.8071106
24.7828781,-4.4658572,10.0170633,2.7634458,0.218001,4.1178906,-0.5874397
24.882809,-4.5017395,9.9237893,2.7852581,0.218497,4.1036101,-0.8408035
24.98274,-4.5355666,9.829783,2.8071217,0.2195769,4.0830836,-0.8597169
25.082671,-4.5673287,9.7350411,2.8291421,0.2212794,4.061988,-0.8658398
25.1826019,-4.5969867,9.6396217,2.8513848,0.22384,4.0406309,-0.8529771
25.2825329,-4.6244966,9.5435842,2.8738953,0.2269849,4.0194802,-0.8350064
25.3824638,-4.6498291,9.4469194,2.8967431,0.2304649,3.9986666,-0.8113137
25.4823948,-4.6729377,9.3496569,2.9199775,0.2343102,3.9783394,-0.7793242
25.5823258,-4.6937419,9.2519737,2.9435974,0.2386678,3.9587153,-0.7443417
25.6822567,-4.7122192,9.1537811,2.9676655,0.2431968,3.9398809,-0.7056611
25.7821877,-4.7283133,9.055115,2.9922136,0.24793,3.9219417,-0.6622316
25.8821186,-4.7419496,8.9561376,3.0172345,0.252919,3.9050316,-0.6154922
25.9820496,-4.7530791,8.8568616,3.0427556,0.2580556,3.8892491,-0.5651378
26.0819806,-4.7616498,8.7572761,3.0688133,0.2633416,3.8747011,-0.5105083
26.1819115,-4.7675965,8.657495,3.0954083,0.2687986,3.8615123,-0.4524858
26.2818425,-4.770859,8.5576639,3.1225333,0.2743461,3.8497848,-0.3897207
26.3817734,-4.7713841,8.4577268,-3.1329478,0.2800462,3.8396553,-0.3209897
26.4817044,-4.7691106,8.3577729,-3.1046556,0.285947,3.8312921,-0.2484214
26.5816354,-4.7639872,8.2580197,-3.0758006,0.2918738,3.824807,-0.1690573
26.6815663,-4.7559538,8.1584141,-3.0463259,0.2979842,3.8203875,-0.0846549
26.7814973,-4.744954,8.0590618,-3.0162237,0.3041181,3.8181725,-0.0182185
26.8814282,-4.7309487,7.9601343,-2.9856102,0.3087521,3.8176957,-0.0182185
26.9813592,-4.7138998,7.8616739,-2.9546734,0.3088061,3.8172188,-0.0178771
27.0812902,-4.6938171,7.7637684,-2.9239145,0.3063942,3.8167507,0.0183667
27.1812211,-4.6707516,7.6665395,-2.8934855,0.3027017,3.8172316,0.0710418
27.2811521,-4.6447556,7.5700517,-2.8634128,0.2991456,3.8190909,0.1185928
27.381083,-4.6158848,7.4743779,-2.8336809,0.2958339,3.8221928,0.1598537
27.481014,-4.5842006,7.3796059,-2.8042805,0.2926626,3.8263699,0.196794
27.580945,-4.5497559,7.2857935,-2.7751871,0.2895706,3.831506,0.2306255
27.6808759,-4.5126126,7.1930218,-2.7463909,0.2867033,3.8375163,0.2594473
27.7808069,-4.4728322,7.1013642,-2.7178815,0.2840076,3.8442665,0.2843536
27.8807378,-4.4304545,7.0108462,-2.6896283,0.2813789,3.8516511,0.3071395
27.9806688,-4.385555,6.9215694,-2.6616282,0.2789748,3.8596116,0.3256026
28.0805998,-4.3381976,6.8336033,-2.6338697,0.2767689,3.8680328,0.3403712
28.1805307,-4.2884003,6.7469362,-2.6063111,0.2746857,3.8768163,0.3527683
28.2804617,-4.2362526,6.6616853,-2.5789524,0.272845,3.8858988,0.3611077
28.3803926,-4.1818171,6.577914,-2.5517763,0.271227,3.8951741,0.365875
28.4803236,-4.1251097,6.4956172,-2.524739,0.269848,3.9045494,0.3669734
28.5802546,-4.0662045,6.4148808,-2.4978397,0.2683765,3.9139302,-0.0230327
28.6801855,-4.0051746,6.3357778,-2.4711052,0.2664318,3.9133421,-0.4347808
28.7801165,-3.942053,6.2583157,-2.4446505,0.2630636,3.9022238,-0.5089611
28.8800474,-3.8769035,6.1825239,-2.4185272,0.2596622,3.8891681,-0.5871056
28.9799784,-3.8098284,6.108469,-2.3927486,0.2564859,3.8740532,-0.6652608
29.0799094,-3.7408813,6.0361611,-2.3672626,0.2536588,3.8568547,-0.7417183
29.1798403,-3.6701031,5.965605,-2.3420166,0.2515758,3.8375887,-0.8100564
29.2797713,-3.5975891,5.8968653,-2.3169729,0.2499603,3.8164365,-0.874328
29.3797022,-3.5233768,5.8299541,-2.2920579,0.2487817,3.7934737,-0.9353803
29.4796332,-3.4475263,5.7649121,-2.2672043,0.248619,3.7687525,-0.984408
29.5795642,-3.3700939,5.7017832,-2.2423512,0.2492286,3.7425593,-1.0248553
29.6794951,-3.2910912,5.6405844,-2.2173974,0.2504486,3.7150936,-1.0594489
29.7794261,-3.2105861,5.5813865,-2.1922507,0.2527428,3.6864857,-1.0818273
29.879357,-3.1286559,5.5242723,-2.1668432,0.2563265,3.6570426,-1.0869369
29.979288,-3.045241,5.4692419,-2.1410354,0.2606659,3.6272198,-1.0733257
30.079219,-2.9603791,5.4163781,-2.1146989,0.2660174,3.5975278,-1.0360574
30.1791499,-2.8742814,5.365873,-2.0877895,0.2732488,3.5686325,-0.9895927
30.2790809,-2.7867463,5.3176853,-2.0601183,0.2812458,3.5408129,-0.930211
30.3790118,-2.6977689,5.2719159,-2.0315177,0.290268,3.5144619,-0.8408384
30.4789428,-2.6077847,5.2288858,-2.0019897,0.3015902,3.4904714,-0.7433502
30.5788738,-2.5163748,5.188508,-1.9713069,0.3133983,3.4691243,-0.6085027
30.6788047,-2.4235798,5.1509503,-1.9392132,0.3279041,3.4515514,-0.5958427
30.7787357,-2.3300517,5.1165727,-1.9070621,0.315834,3.4342569,-0.7575106
30.8786666,-2.2353237,5.0850924,-1.8768136,0.2786407,3.4121435,-1.2252266
30.9785976,-2.1394064,5.0561454,-1.8520058,0.2170488,3.3760698,-1.9931264
31.0785286,-2.043473,5.0294108,-1.8346523,0.129598,3.316549,-3.0625896
31.1784595,-1.9465937,5.0037654,-1.8259208,0.0433789,3.2229493,-4.0622415
31.2783905,-1.8498887,4.9786133,-1.8260505,-0.045124,3.0944328,-3.3786271
31.3783214,-1.7532524,4.9530184,-1.8347324,-0.1272433,2.9833296,-2.7853019
31.4782524,-1.6568276,4.9261624,-1.8514522,-0.2067611,2.8885255,-2.3569863
31.5781834,-1.5611363,4.8973893,-1.8754247,-0.2734649,2.805799,-2.001506
31.6781143,-1.4661677,4.8659765,-1.9061146,-0.3356093,2.7335843,-1.7427298
31.7780453,-1.3723855,4.8314307,-1.9422325,-0.3882799,2.6691156,-1.5926132
31.8779762,-1.279795,4.793187,-1.9833844,-0.4284378,2.6088072,-1.4600758
31.9779072,-1.1894181,4.751237,-2.0280376,-0.4679211,2.552266,-1.4591463
32.0778382,-1.1003823,4.704768,-2.0759445,-0.4883403,2.4944807,-1.465028
32.1777691,-1.0140162,4.6541581,-2.1260655,-0.5060057,2.4350833,-1.4973801
32.2777001,-0.9309858,4.5996969,-2.1767691,-0.5176302,2.3728382,-1.5711596
32.377631,-0.8496204,4.5401195,-2.2287697,-0.5130978,2.3057203,-1.7469193
32.477562,-0.7721391,4.4770097,-2.2795618,-0.4926831,2.2287224,-2.0197826
32.577493,-0.6983832,4.4107013,-2.3257077,-0.4573498,2.1362411,-2.1755568
32.6774239,-0.627403,4.3405383,-2.3768898,-0.5642444,2.031924,-1.6488132
32.7773549,-0.5604559,4.2662908,-2.4420848,-0.7517242,1.9491486,-1.0703318
32.8772858,-0.4993409,4.1873182,-2.5273098,-0.957852,1.8934787,-0.4718877
32.9772168,-0.4460505,4.1028592,-2.6334142,-1.1551231,1.8684082,-0.0043626
33.0771478,-0.4028581,4.0128431,-2.7575944,-1.2893698,1.8681748,-0.0043626
33.1770787,-0.3714927,3.9181069,-2.8861807,-1.2853571,1.8679415,0.0107636
33.2770097,-0.3524618,3.8201931,-3.0125084,-1.2523263,1.8685172,0.1233182
33.3769406,-0.3457816,3.7203982,-3.1366798,-1.2338666,1.8751008,0.157326
33.4768716,-0.3514587,3.6205878,3.0229679,-1.2391391,1.8834666,0.099786
33.5768026,-0.3693711,3.5223274,2.9002259,-1.2055165,1.8887536,0.1949932
33.6767335,-0.3986824,3.4269267,2.7923027,-0.8983281,1.8990423,1.2557959
33.7766645,-0.4363427,3.3347491,2.7213321,-0.515197,1.9640131,2.5078843
33.8765954,-0.4791341,3.2450353,2.6694486,-0.587014,2.0877208,1.9360054
33.9765264,-0.5270041,3.1579979,2.6063307,-0.68284,2.1784196,1.253643
34.0764574,-0.5807802,3.0741287,2.5359058,-0.723612,2.2351884,0.8785406
34.1763883,-0.6408438,2.9938558,2.4623282,-0.7351795,2.2741271,0.6914415
34.2763193,-0.7070986,2.9177641,2.3879328,-0.7399726,2.3043105,0.5642216
34.3762502,-0.7776352,2.8478904,2.3151803,-0.729652,2.3286506,0.5366011
34.4761812,-0.8536043,2.7828687,2.2424281,-0.7194435,2.3515653,0.514666
34.5761122,-0.9345183,2.7231752,2.1704589,-0.7129766,2.3733356,0.4769606
34.6760431,-1.0186224,2.6699043,2.1007286,-0.6904918,2.3933341,0.53767
34.7759741,-1.106662,2.6223094,2.032442,-0.6676666,2.4156796,0.5965322
34.875905,-1.1976888,2.5807013,1.9670904,-0.6401742,2.4402319,0.680491
34.975836,-1.2909687,2.5450634,1.9051138,-0.5988199,2.4679417,0.8451324
35.075767,-1.3864119,2.5150152,1.8471509,-0.5564208,2.5019284,1.0091784
35.1756979,-1.4832591,2.4903374,1.7943677,-0.5011109,2.541917,1.2540743
35.2756289,-1.5812695,2.4705364,1.7467401,-0.4514773,2.5907497,1.4613019
35.3755598,-1.6799384,2.4551967,1.704148,-0.4015384,2.6465151,1.6788531
35.4754908,-1.7792694,2.4438192,1.6662923,-0.3557768,2.7091662,1.8795729
35.5754218,-1.878848,2.4359867,1.6330558,-0.3098067,2.7776314,2.1001239
35.6753527,-1.9786615,2.4312378,1.6043868,-0.2638763,2.8521871,2.3432051
35.7752837,-2.0785664,2.4291217,1.580334,-0.2174157,2.9331363,2.6187558
35.8752146,-2.1784709,2.429176,1.5609538,-0.1704338,3.0210392,2.9330971
35.9751456,-2.2783941,2.4309299,1.5463488,-0.1217974,3.1165514,3.3048534
36.0750766,-2.3782701,2.4338996,1.5365796,-0.0747063,3.2207774,3.3766446
36.1750075,-2.4781307,2.4376163,1.5313565,-0.0298226,3.3238937,3.3242428
36.2749385,-2.5779703,2.44165,1.5298849,-0.0031724,3.4223762,3.2741711
36.3748694,-2.6778225,2.4457162,1.5306702,0.0181029,3.5166804,3.226201
36.4748004,-2.7776691,2.4496061,1.5333278,0.0350776,3.6071922,3.1801391
36.5747314,-2.8775421,2.4531458,1.5377149,0.0532961,3.6942421,3.1358197
36.6746623,-2.9774375,2.4561533,1.5440051,0.0725981,3.7781153,3.0930996
36.7745933,-3.0773334,2.4584578,1.5515061,0.0765005,3.8590606,3.0518543
36.8745242,-3.1772308,2.4600005,1.5591156,0.0682051,3.9372958,3.0119743
36.9744552,-3.2771473,2.4608822,1.564278,0.035135,4.0130134,2.1657885
37.0743862,-3.3770414,2.4614126,1.5661539,0.0025755,4.0665877,-4.0546263
37.1743171,-3.4770434,2.4619175,1.5648063,-0.0295695,3.9656992,-3.5611617
37.2742481,-3.5769505,2.4627204,1.560143,-0.0637766,3.8749232,-3.118518
37.374179,-3.6769084,2.464161,1.5520701,-0.0972412,3.7936469,-2.7209091
37.47411,-3.7768089,2.4665714,1.5407334,-0.1297232,3.7212834,-2.3677001
37.574041,-3.8767172,2.4702772,1.5261983,-0.1606774,3.6571488,-2.035759
37.6739719,-3.9764745,2.4755831,1.5086025,-0.1912767,3.6010924,-1.7478383
37.7739029,-4.0762,2.4827979,1.4880825,-0.2193546,3.5522585,-1.4838388
37.8738338,-4.1757109,2.4921943,1.4647708,-0.246029,3.5102674,-1.2369644
37.9737648,-4.2748634,2.5040221,1.4389431,-0.2714862,3.4748749,-1.0349268
38.0736958,-4.373853,2.518559,1.4106744,-0.2932199,3.4449837,-0.8407308
38.1736267,-4.4721999,2.5359609,1.3802985,-0.3140112,3.4205091,-0.6770406
38.2735577,-4.5700231,2.5564515,1.348038,-0.3318252,3.4006717,-0.5408392
38.3734886,-4.6671895,2.5801925,1.3140361,-0.3468328,3.3847415,-0.4080376
38.4734196,-4.7632247,2.6072162,1.2787126,-0.3609854,3.3726731,-0.3167276
38.5733506,-4.8585375,2.6377799,1.2420946,-0.3710707,3.3632755,-0.2355473
38.6732815,-4.9525561,2.6718264,1.2044829,-0.379823,3.3562695,-0.1546222
38.7732125,-5.0448826,2.709278,1.1662491,-0.3880683,3.3516626,-0.1154213
38.8731434,-5.1362703,2.7505354,1.127147,-0.392361,3.3482195,-0.0749902
38.9730744,-5.2257151,2.7952262,1.0876477,-0.3964959,3.3459806,-0.0340034
39.0730054,-5.3129442,2.8432132,1.047996,-0.4003992,3.3449649,-0.0242614
39.1729363,-5.398829,2.8950328,1.0078047,-0.4014433,3.34424,-0.016142
39.2728673,-5.4823679,2.950138,0.9675406,-0.402285,3.3437576,-0.0139724
39.3727982,-5.563309,3.0083288,0.9274084,-0.4025793,3.34334,-0.0139724
39.4727292,-5.6419187,3.0697735,0.8873113,-0.401238,3.3429223,0.0021442
39.5726602,-5.7183748,3.1346409,0.8471538,-0.399351,3.3429864,0.0230606
39.6725911,-5.7919583,3.2023125,0.8072976,-0.3989395,3.3436757,0.0258149
39.7725221,-5.8626385,3.2727066,0.7676237,-0.3944032,3.3444471,0.0744899
39.872453,-5.9304567,3.345766,0.7291694,-0.3672782,3.3466721,0.3724055
39.972384,-5.9956507,3.4212734,0.6967589,-0.2791329,3.3577737,1.3387827
40.072315,-6.0588261,3.4986997,0.6736784,-0.1794937,3.3973837,2.4138173
40.1722459,-6.1203366,3.5770973,0.6569198,-0.1671818,3.4676571,2.4746674
40.2721769,-6.1804485,3.6564579,0.6387332,-0.2113532,3.5382535,0.6315228
40.3721078,-6.2390221,3.7372456,0.6151277,-0.2593648,3.5560449,-0.8347292
40.4720388,-6.2957009,3.8198254,0.5873001,-0.2949739,3.5325097,-0.5115258
40.5719698,-6.3500251,3.9042096,0.5561935,-0.3235148,3.5180094,-0.3174518
40.6719007,-6.4010804,3.9894179,0.5231579,-0.3409371,3.5089804,-0.1846536
40.7718317,-6.4494973,4.0768185,0.4884143,-0.352776,3.5037178,-0.0834183
40.8717626,-6.4950485,4.1663735,0.4524993,-0.3615118,3.5013377,-0.0426222
40.9716936,-6.5369629,4.2567028,0.4163416,-0.3650924,3.5001211,-0.0265128
41.0716246,-6.5756857,4.3487934,0.3797209,-0.3665654,3.499364,-0.0153031
41.1715555,-6.6111894,4.4427457,0.3428636,-0.3675723,3.498927,-0.0153031
41.2714865,-6.6429342,4.5370692,0.3064882,-0.3639182,3.4984899,0.030549
41.3714174,-6.6713832,4.6329931,0.2702036,-0.3599148,3.4993624,0.0773428
41.4713484,-6.6963622,4.7298882,0.2344921,-0.3542883,3.5015704,0.140747
41.5712794,-6.7178379,4.8273249,0.1995426,-0.3453958,3.5055848,0.2400267
41.6712103,-6.7360087,4.9258468,0.1653672,-0.3364816,3.5124204,0.3333724
41.7711413,-6.7507993,5.0245064,0.1324616,-0.3235301,3.5218923,0.4715166
41.8710722,-6.7624215,5.1238317,0.1007272,-0.3098204,3.5352459,0.6122537
41.9710032,-6.7709596,5.2234391,0.0705501,-0.2941674,3.5525104,0.7717354
42.0709342,-6.7765635,5.3231704,0.0420233,-0.2760331,3.5741531,0.9578272
42.1708651,-6.7794176,5.4232051,0.0153277,-0.257715,3.6008338,1.1422589
42.2707961,-6.779697,5.5230391,-0.0093977,-0.2377703,3.6323956,1.3462956
42.370727,-6.7776001,5.6230193,-0.0322385,-0.2199488,3.6692467,1.5219186
42.470658,-6.7733056,5.7228478,-0.0535169,-0.2061018,3.7104642,1.6452749
42.570589,-6.766952,5.8226157,-0.0734541,-0.192656,3.7545136,1.7666291
42.6705199,-6.7586813,5.9222049,-0.0920435,-0.1794976,3.8012438,1.8882962
42.7704509,-6.7486202,6.0216883,-0.1092991,-0.1653474,3.8505653,2.0298852
42.8703818,-6.736931,6.1208673,-0.125102,-0.151182,3.9028899,2.1780722
42.9703128,-6.7237208,6.2200493,-0.1394708,-0.1360734,3.9582652,2.3484353
43.0702438,-6.7091844,6.3188911,-0.1523198,-0.1210808,4.0171166,2.52592
43.1701747,-6.6934419,6.4176217,-0.1636623,-0.105815,4.0794683,2.7182175
43.2701057,-6.6766498,6.5162142,-0.1734865,-0.0907393,4.1455192,2.8329991
43.3700366,-6.6590069,6.6144152,-0.1817911,-0.0756778,4.2132574,2.7645532
43.4699676,-6.6405452,6.712884,-0.1886397,-0.061074,4.2783253,2.6987947
43.5698986,-6.6215672,6.8108035,-0.1939897,-0.0462274,4.3409047,2.635541
43.6698295,-6.6020752,6.9089473,-0.1978703,-0.0311666,4.4011587,2.5746286
43.7697605,-6.5823008,7.0069133,-0.200235,-0.0167229,4.459234,2.5159101
43.8696914,-6.5624109,7.1046117,-0.2012142,-0.0027815,4.5152633,2.4592522
43.9696224,-6.5424004,7.2027523,-0.2008539,0.0099356,4.5693668,1.8933263
44.0695534,-6.5225549,7.3005815,-0.1992203,0.022456,4.6105875,-3.8246905
44.1694843,-6.5029142,7.3985255,-0.1963948,0.034203,4.5269313,-3.631144
44.2694153,-6.4835818,7.4966677,-0.1924114,0.045204,4.4460521,-3.457645
44.3693462,-6.4647383,7.5946606,-0.1873597,0.0558913,4.3676456,-3.3109611
44.4692772,-6.4464068,7.6929424,-0.1812776,0.0658205,4.2912228,-3.1835104
44.5692082,-6.4287244,7.791329,-0.1742144,0.0753002,4.2164358,-3.071795
44.6691391,-6.411809,7.8896926,-0.1662387,0.0844574,4.1429936,-2.9778103
44.7690701,-6.3956949,7.9883699,-0.1573612,0.0931184,4.0705337,-2.8959618
44.869001,-6.3805075,8.0871427,-0.1476298,0.1015622,3.9988064,-2.8256628
44.968932,-6.3663348,8.1859814,-0.1370773,0.109792,3.9275578,-2.7644053
45.068863,-6.353233,8.2850754,-0.1256935,0.1179427,3.8565802,-2.7098677
45.1687939,-6.3413049,8.3842771,-0.1135022,0.126158,3.7857115,-2.6631474
45.2687249,-6.33063,8.4836004,-0.1004928,0.1343615,3.7147476,-2.6185794
45.3686558,-6.3212871,8.5830886,-0.0866327,0.142966,3.6436239,-2.5761152
45.4685868,-6.3133689,8.6826706,-0.0719103,0.1520113,3.5722721,-2.5389309
45.5685178,-6.3069611,8.7824015,-0.0562638,0.161289,3.5005274,-2.4994078
45.6684487,-6.3021639,8.8821939,-0.0396359,0.171453,3.4284334,-2.4586267
45.7683797,-6.2990783,8.9820171,-0.02198,0.1824997,3.3560051,-2.4185225
45.8683106,-6.2978116,9.0819863,-0.0031704,0.1943477,3.2831996,-2.3577437
45.9682416,-6.2984894,9.1818746,0.0169876,0.2090711,3.2106349,-2.2439266
46.0681726,-6.3012563,9.281688,0.0388037,0.2300676,3.140016,-2.1125912
46.1681035,-6.3063261,9.3815908,0.0629961,0.2542212,3.0720472,-1.9580545
46.2680345,-6.3139229,9.4811447,0.0897928,0.282248,3.0076791,-1.800719
46.3679654,-6.3243242,9.5804578,0.119411,0.3120037,2.9472425,-1.6487352
46.4678964,-6.3378528,9.6796576,0.1521725,0.3424443,2.890799,-1.4707623
46.5678274,-6.3547067,9.7779411,0.1880638,0.3769568,2.8395017,-1.288459
46.6677583,-6.3752839,9.875704,0.2274342,0.4127088,2.7937888,-1.0972524
46.7676893,-6.3999254,9.9727241,0.2706342,0.4498088,2.7542616,-0.8744942
46.8676202,-6.4287627,10.0680684,0.3174665,0.4904442,2.722348,-0.714637
46.9675512,-6.4623968,10.1623595,0.3683569,0.5220509,2.6959878,-0.635988
47.0674822,-6.5007926,10.2545232,0.4214569,0.5423342,2.6723099,-0.5966722
47.1674131,-6.5441851,10.3446029,0.4765965,0.5571222,2.6499034,-0.552697
47.2673441,-6.5925843,10.4322154,0.533061,0.572369,2.628978,-0.5484344
47.367275,-6.6458215,10.5167985,0.5905071,0.5767089,2.6080479,-0.5839701
47.467206,-6.703898,10.598232,0.6486929,0.5846744,2.5855755,-0.5918318
47.567137,-6.7666469,10.6761602,0.7071567,0.5861162,2.5625995,-0.6516373
47.6670679,-6.8339414,10.7503559,0.7662128,0.5890353,2.537061,-0.711378
47.7669989,-6.905133,10.8201078,0.8251286,0.5960618,2.5088844,-0.7462995
47.8669298,-6.981123,10.8861641,0.8853085,0.5988515,2.4789805,-0.824899
47.9668608,-7.0601498,10.9469161,0.9457666,0.6120787,2.4455017,-0.8439595
48.0667918,-7.1430116,11.0029144,1.0074529,0.6261037,2.4107681,-0.8628866
48.1667227,-7.230013,11.054055,1.0714583,0.6382708,2.3747305,-0.8945897
48.2666537,-7.3191855,11.0990325,1.135981,0.6427721,2.3367821,-0.9362111
48.3665846,-7.4104803,11.1380129,1.1976904,0.5872386,2.2963966,-1.2265488
48.4665156,-7.5040861,11.17184,1.2463625,0.341036,2.2423865,-2.6888173
48.5664466,-7.5982529,11.2027529,1.2517872,-0.0680088,2.1191755,-2.6806938
48.6663775,-7.6922694,11.2333807,1.2685252,0.4612357,1.9887524,-1.0025076
48.7663085,-7.7883222,11.2600509,1.3391764,0.932729,1.9377237,-0.1988803
48.8662394,-7.8866387,11.27794,1.4460873,1.1590135,1.9274399,-0.0046426
48.9661704,-7.9865679,11.2844085,1.567197,1.2116001,1.9271992,-0.0046426
49.0661014,-8.0867371,11.2787245,1.687182,1.1629821,1.9269584,0.1770098
49.1660323,-8.1855254,11.2614809,1.7983818,1.0638509,1.9361163,0.50742
49.2659633,-8.2810947,11.234154,1.8982882,0.9501702,1.9621316,0.83707
49.3658942,-8.3741092,11.1977154,1.9882261,0.842785,2.00431,1.109293
49.4658252,-8.4640613,11.1533781,2.0675734,0.7370275,2.0588745,1.3704681
49.5657562,-8.5501706,11.1027379,2.1353945,0.6251851,2.1243513,1.6729807
49.6656871,-8.6328505,11.0469106,2.1918477,0.4999234,2.2016434,2.0706955
49.7656181,-8.7128589,10.9868488,2.2357077,0.3885712,2.2937059,2.4491169
49.865549,-8.7903653,10.9237688,2.2709797,0.3175208,2.398035,2.6668855
49.96548,-8.8656026,10.8584534,2.299472,0.2573152,2.5067072,2.8752845
50.065411,-8.9396317,10.7907629,2.3226395,0.2021284,2.6188243,3.1051816
50.1653419,-9.0119049,10.7219613,2.3394449,0.1360064,2.7347483,3.4734804
50.2652729,-9.083379,10.6520426,2.3498453,0.0705,2.8588572,3.560355
50.3652038,-9.154502,10.5814751,2.3536166,0.0054165,2.980712,3.4985382
50.4651348,-9.2253353,10.5111218,2.3508799,-0.0601396,3.0957824,3.440129
50.5650658,-9.2967693,10.4410195,2.3416269,-0.1234289,3.2049055,2.9339932
50.6649967,-9.3689735,10.3718863,2.3263116,-0.1834632,3.2951196,-2.0331048
50.7649277,-9.4425593,10.3039707,2.3050965,-0.2372833,3.2328738,-1.5584277
50.8648586,-9.5173947,10.2381219,2.2788137,-0.2913458,3.184337,-1.2410818
50.9647896,-9.594694,10.1739656,2.2476328,-0.3307013,3.1451482,-0.9349042
51.0647206,-9.6737034,10.112704,2.2123753,-0.3685923,3.1153019,-0.710244
51.1646515,-9.7547001,10.0545393,2.1742951,-0.3975372,3.0924351,-0.5889596
51.2645825,-9.8387742,9.9990845,2.1332335,-0.4153163,3.0733442,-0.5880904
51.3645134,-9.9242621,9.9476821,2.0909165,-0.419501,3.0541623,-0.5530124
51.4644444,-10.0112019,9.9001784,2.0516348,-0.3703039,3.0360141,-0.9547812
51.5643754,-10.1011867,9.8553917,2.0131308,-0.3940043,3.0044229,-0.2943859
51.6643063,-10.1921148,9.8145634,1.9711155,-0.4702225,2.9946152,-0.0112069
51.7642373,-10.2847522,9.7780407,1.9210289,-0.5019251,2.9942412,-0.0112069
51.8641682,-10.3791851,9.7461156,1.8733679,-0.4575883,2.9938672,0.3873218
51.9640992,-10.475164,9.7184806,1.8295998,-0.4208268,3.0067676,0.6841506
52.0640302,-10.5723096,9.6949278,1.7878561,-0.4120721,3.0294203,0.7067834
52.1639611,-10.6700054,9.6754826,1.7465637,-0.4172985,3.0526458,0.5996944
52.2638921,-10.7685394,9.6600969,1.704715,-0.4230458,3.0722146,0.4952834
52.363823,-10.8679108,9.6488528,1.6621496,-0.4275187,3.0882828,0.4106222
52.463754,-10.9679964,9.6418506,1.6190842,-0.4304878,3.1015413,0.3468728
52.563685,-11.0675968,9.6391732,1.5762784,-0.4292195,3.1126974,0.3292304
52.6636159,-11.1673929,9.6407608,1.5335834,-0.4249607,3.1232492,0.3424482
52.7635469,-11.2673985,9.6466109,1.4912249,-0.4194501,3.134187,0.3674092
52.8634778,-11.366883,9.656632,1.4497148,-0.4116425,3.1458797,0.4137851
52.9634088,-11.4656479,9.6706941,1.4092764,-0.3974389,3.1589965,0.5213805
53.0633398,-11.564082,9.6887246,1.3702389,-0.3817715,3.1754469,0.6378168
53.1632707,-11.6616662,9.7104783,1.3329779,-0.3639353,3.1954559,0.7711156
53.2632017,-11.7582001,9.7357118,1.2975873,-0.3450848,3.2194806,0.9102211
53.3631326,-11.8541045,9.7643492,1.2639592,-0.3262777,3.2476105,1.045574
53.4630636,-11.9488307,9.7960331,1.2324157,-0.3056329,3.2796256,1.1991845
53.5629946,-12.0425273,9.8305857,1.2029508,-0.2836437,3.3159637,1.367418
53.6629255,-12.1354608,9.8678852,1.1756577,-0.26142,3.3569198,1.5399951
53.7628565,-12.2270449,9.9074465,1.1508352,-0.2364735,3.4024545,1.7479467
53.8627874,-12.3178544,9.9492452,1.1284243,-0.2110006,3.4534106,1.9686902
53.9627184,-12.4078094,9.9929736,1.1086559,-0.1845228,3.5099161,2.2113703
54.0626494,-12.4967742,10.0382644,1.0916345,-0.156119,3.5723213,2.4917389
54.1625803,-12.5852127,10.0850396,1.0774288,-0.1274898,3.6413573,2.7929762
54.2625113,-12.6728959,10.1328525,1.0662307,-0.0969323,3.7172157,3.12412
54.3624422,-12.7601736,10.181547,1.0580572,-0.0662901,3.8002744,3.0818102
54.4623732,-12.8471754,10.2308466,1.052975,-0.0354706,3.8804667,3.0409441
54.5623042,-12.9338946,10.2803876,1.0511294,-0.0009659,3.9580034,3.0014161
54.6622351,-13.0207272,10.3300051,1.0527495,0.0311275,4.0330707,2.9465972
54.7621661,-13.1076339,10.3793226,1.05685,0.0509617,4.105432,0.8356842
54.862097,-13.1948529,10.4282333,1.062842,0.0667982,4.1257234,-3.2302993
54.962028,-13.2823243,10.4765224,1.0701101,0.0787843,4.0467246,-3.0662073
55.061959,-13.3702954,10.5241854,1.0786508,0.0922084,3.9702848,-2.9051604
55.1618899,-13.4585264,10.5709418,1.0885708,0.1062944,3.8964767,-2.7766571
55.2618209,-13.5474498,10.6168638,1.099836,0.1190646,3.8246023,-2.6664176
55.3617518,-13.636846,10.6616889,1.112396,0.1313405,3.7542865,-2.5727938
55.4616828,-13.7266017,10.7052298,1.1260723,0.1431602,3.6851681,-2.5284045
55.5616138,-13.8174402,10.7477047,1.1408947,0.1520397,3.6159552,-2.500969
55.6615447,-13.9084401,10.788579,1.15652,0.1602151,3.5461646,-2.5001573
55.7614757,-14.0002972,10.8280884,1.1727543,0.1647445,3.474996,-2.5233164
55.8614066,-14.092984,10.8661588,1.1893802,0.1657559,3.4016588,-2.5928455
55.9613376,-14.1857124,10.9024637,1.2058445,0.1638611,3.324616,-2.6964946
56.0612686,-14.2794374,10.9374106,1.2218005,0.1547753,3.2425522,-2.8799352
56.1611995,-14.3738,10.9709401,1.2368073,0.1449854,3.1525475,-3.0655296
56.2611305,-14.468158,11.0029388,1.250689,0.1328653,3.0538292,-3.2657241
56.3610614,-14.5629511,11.0336987,1.2630315,0.113541,2.9450262,-3.0723762
56.4609924,-14.6582802,11.0633021,1.2775026,0.1783937,2.8388603,-2.5418342
56.5609234,-14.7539804,11.0911591,1.2989707,0.2605715,2.7479287,-2.0309288
56.6608543,-14.8507504,11.1166189,1.3295466,0.3468063,2.673052,-1.6537516
56.7607853,-14.9482772,11.138704,1.3678555,0.418914,2.6104951,-1.3152903
56.8607162,-15.0464476,11.1566582,1.4130929,0.487331,2.5596501,-1.0033837
56.9606472,-15.1455948,11.1698424,1.4651783,0.5517881,2.5201727,-0.6840607
57.0605782,-15.2453603,11.177537,1.5235249,0.6152828,2.4929004,-0.4330492
57.1605091,-15.3452188,11.17911,1.5873891,0.6649166,2.4754803,-0.2799473
57.2604401,-15.4450731,11.1740488,1.6559896,0.6962462,2.4641533,-0.2121723
57.360371,-15.5442624,11.1620636,1.7263968,0.7123742,2.4555339,-0.209301
57.460302,-15.6424052,11.1430599,1.797819,0.7178217,2.4470013,-0.2067284
57.560233,-15.7389707,11.1170544,1.8699729,0.7232332,2.4385443,-0.1954149
57.6601639,-15.8332715,11.0841815,1.9426032,0.7299216,2.430523,-0.194781
57.7600949,-15.9249484,11.0445198,2.0156925,0.7348633,2.4225013,-0.1921762
57.8600258,-16.0136657,10.9981347,2.0894199,0.7370959,2.4145608,-0.2078011
57.9599568,-16.0985738,10.9454247,2.1633651,0.7402306,2.4059452,-0.2205316
58.0598878,-16.1791327,10.8867499,2.2373031,0.7440664,2.396768,-0.2273221
58.1598187,-16.2554593,10.8219743,2.311729,0.7443804,2.3872712,-0.2586163
58.2597497,-16.326783,10.7516609,2.3863777,0.7448509,2.3764209,-0.294582
58.3596806,-16.3925323,10.6763809,2.4609989,0.7465097,2.3640009,-0.3288217
58.4596116,-16.4523642,10.5965763,2.535583,0.7488662,2.3500599,-0.3639598
58.5595426,-16.5060044,10.5126475,2.6102699,0.7514086,2.334532,-0.4064
58.6594735,-16.5533611,10.4246378,2.6857123,0.7572596,2.3170705,-0.3961191
58.7594045,-16.5939322,10.3332125,2.76252,0.7770827,2.2999232,-0.1717124
58.8593354,-16.6271984,10.2390391,2.8424234,0.8248499,2.2924502,-0.0065675
58.9592664,-16.6525879,10.1425616,2.9266712,0.8564878,2.2921639,-0.0065675
59.0591974,-16.6697946,10.044345,3.0074249,0.7336714,2.2918776,0.6396765
59.1591283,-16.6797276,9.9452772,3.0739245,0.6043586,2.3196012,1.2414926
59.2590593,-16.6835241,9.8460023,3.1338463,0.6367771,2.3724833,0.9087514
59.3589902,-16.6810797,9.7465064,-3.083909,0.6833036,2.4104567,0.522537
59.4589212,-16.6718262,9.6468162,-3.0138086,0.7047059,2.4320232,0.3244568
59.5588522,-16.655458,9.5474841,-2.9426669,0.7067425,2.4453187,0.2665
59.6587831,-16.632348,9.4505176,-2.872704,0.6995944,2.4561854,0.2719135
59.7587141,-16.6025496,9.3554056,-2.8035774,0.6836111,2.4672235,0.3311192
59.858645,-16.5660376,9.2618647,-2.7355233,0.6684965,2.4805987,0.3788023
59.958576,-16.523586,9.1714624,-2.669993,0.6460534,2.4958121,0.4678966
60.058507,-16.4754251,9.0840316,-2.6067191,0.6176577,2.5144766,0.5868985
60.1584379,-16.421662,8.9992994,-2.5460789,0.5905212,2.5376941,0.6890579
60.2583689,-16.3634009,8.9184219,-2.4892277,0.551713,2.5646848,0.8628259
60.3582998,-16.3005399,8.8405923,-2.4357997,0.5122646,2.5980866,1.0337488
60.4582308,-16.2337857,8.766099,-2.3867849,0.4689278,2.6375483,1.2291323
60.5581618,-16.1637107,8.6949039,-2.3422995,0.4200055,2.6837134,1.4659843
60.6580927,-16.0906007,8.6266171,-2.3026912,0.3707176,2.7377568,1.7119867
60.7580237,-16.015108,8.5611493,-2.2687141,0.3097863,2.7995487,2.0622611
60.8579546,-15.9375935,8.4980309,-2.2404965,0.2597349,2.8722187,2.3469685
60.9578856,-15.8584988,8.4369772,-2.2164969,0.220591,2.9527462,2.5658328
61.0578166,-15.7780718,8.3776981,-2.1957456,0.1990094,3.0383421,2.6513004
61.1577475,-15.6964718,8.3200227,-2.1766812,0.1824349,3.1243266,2.7069748
61.2576785,-15.6138512,8.2638552,-2.1593099,0.1653328,3.2097411,2.7837907
61.3576094,-15.530279,8.2090376,-2.143623,0.1489972,3.2952711,2.8684943
61.4575404,-15.4459068,8.1554761,-2.1294842,0.1340227,3.381141,2.9535469
61.5574714,-15.3607969,8.1030325,-2.1168321,0.1190575,3.4673355,3.0536136
61.6574023,-15.2751242,8.0516388,-2.1056734,0.1043754,3.5542533,3.1656642
61.7573333,-15.1888101,8.001077,-2.0959748,0.0895907,3.6421714,3.1623325
61.8572642,-15.1021127,7.9513287,-2.0877467,0.075072,3.7279274,3.1186645
61.9571952,-15.0150689,7.9022461,-2.0809655,0.0606434,3.8106095,3.0765443
62.0571262,-14.9275671,7.8536066,-2.075458,0.0508109,3.8904535,3.0358537
62.1570571,-14.8402065,7.8056249,-2.0707769,0.0442971,3.9676669,2.9964886
62.2569881,-14.7520669,7.7577619,-2.0654912,0.061423,4.042433,2.9371405
62.356919,-14.6639025,7.7105894,-2.0582741,0.0866768,4.1143999,2.8644397
62.45685,-14.5756432,7.6643521,-2.0478443,0.1236341,4.1833933,2.3144307
62.556781,-14.4862206,7.6189116,-2.033336,0.1661673,4.2383187,1.4926249
62.6567119,-14.3966659,7.5752568,-2.0148942,0.1930909,4.2733669,0.951011
62.7566429,-14.3061775,7.5332554,-1.995963,0.185472,4.2955483,1.0546546
62.8565738,-14.2147016,7.492839,-1.9778325,0.177353,4.320014,1.1668186
62.9565048,-14.122665,7.4541084,-1.9605588,0.1679783,4.3469211,1.3023087
63.0564358,-14.0300004,7.4169279,-1.9443826,0.1557104,4.3767574,1.4932667
63.1563667,-13.9366769,7.3811587,-1.9294424,0.1431465,4.4107202,1.6908461
63.2562977,-13.8429038,7.3467464,-1.9158025,0.129884,4.4488637,1.9045444
63.3562286,-13.7486444,7.3135366,-1.9035065,0.1161534,4.4914401,2.1316175
63.4561596,-13.654051,7.2814391,-1.8925662,0.1028628,4.5386191,2.3553747
63.5560906,-13.5591278,7.2503139,-1.8829462,0.0898945,4.5901866,2.3834761
63.6560215,-13.4638529,7.2200185,-1.8745916,0.0773539,4.6417862,2.3312811
63.7559525,-13.3684135,7.1904823,-1.8674535,0.0655767,4.6917069,2.280778
63.8558834,-13.2727946,7.161576,-1.8614673,0.0544414,4.7400373,2.2318777
63.9558144,-13.1769352,7.1331656,-1.8565608,0.0438311,4.7868592,2.1844982
64.0557454,-13.0810015,7.1051903,-1.8526825,0.0338319,4.8322479,2.1385639
64.1556763,-12.985007,7.0775495,-1.8497839,0.0242934,4.8762729,2.0940046
64.2556073,-12.8888692,7.0501202,-1.8478194,0.0150617,4.9189987,2.0507556
64.3555382,-12.7927245,7.0228456,-1.8467633,0.006101,4.9604855,2.0087565
64.4554692,-12.6965977,6.9956395,-1.8465965,-0.00275,5.000789,1.9683456
64.5554002,-12.6004198,6.9683905,-1.8473102,-0.0115539,5.039969,1.9482639
64.6553311,-12.5042992,6.9410376,-1.8489081,-0.0204074,5.0784517,1.9285358
64.7552621,-12.4082638,6.9134971,-1.8513957,-0.0294383,5.1162596,-1.7174349
64.855193,-12.3122643,6.885661,-1.8547913,-0.0385752,5.0826039,-3.3252522
64.955124,-12.2163944,6.8574611,-1.8591145,-0.0479257,5.0167989,-3.1187591
65.055055,-12.1206946,6.8288124,-1.864378,-0.0575239,4.954286,-2.9206392
65.1549859,-12.0251051,6.7995972,-1.8706072,-0.0671632,4.8950205,-2.7290821
65.2549169,-11.9297484,6.7697516,-1.8778062,-0.0768792,4.8389861,-2.5436618
65.3548478,-11.834671,6.7391898,-1.8859694,-0.086652,4.7861681,-2.3718754
65.4547788,-11.7397509,6.7077697,-1.8951104,-0.0961143,4.7363865,-2.218573
65.5547098,-11.6452451,6.6754767,-1.9051592,-0.1049986,4.6893442,-2.0721828
65.6546407,-11.5511049,6.6422026,-1.9160757,-0.113775,4.6449756,-1.9424363
65.7545717,-11.4571289,6.6077798,-1.9278865,-0.1219605,4.6029968,-1.8933768
65.8545026,-11.363957,6.5723631,-1.9402894,-0.1265132,4.5617064,-1.8873401
65.9544336,-11.2710793,6.5357171,-1.9527703,-0.1173197,4.5201724,-2.1173926
66.0543646,-11.1783167,6.4978577,-1.9634685,-0.0964643,4.4731166,-2.5874659
66.1542955,-11.0864429,6.4593193,-1.9721996,-0.0793882,4.4149333,-2.9716601
66.2542265,-10.9943553,6.4198281,-1.9793834,-0.0641686,4.3471502,-3.3071366
66.3541574,-10.9028616,6.3798936,-1.9850675,-0.0498931,4.2704501,-3.6103116
66.4540884,-10.8114412,6.3394465,-1.9893887,-0.0367971,4.1851141,-3.8757339
66.5540194,-10.7200704,6.2986178,-1.9924578,-0.0246523,4.091524,-4.1075892
66.6539503,-10.6290087,6.2576518,-1.9945136,-0.0172557,3.9899396,-4.2449572
66.7538813,-10.5378182,6.2164382,-1.9959353,-0.0132399,3.882166,-4.1378447
66.8538122,-10.4468568,6.1751583,-1.9979294,-0.0266747,3.7741509,-3.933717
66.9537432,-10.355911,6.1335918,-2.0013305,-0.0433277,3.6685167,-3.6859177
67.0536742,-10.2651967,6.0916515,-2.0067533,-0.0652434,3.5666988,-3.3382162
67.1536051,-10.1747119,6.0490906,-2.0147168,-0.0976303,3.4719098,-2.9530353
67.2535361,-10.0847579,6.0057007,-2.0263841,-0.1361916,3.3858468,-2.6022776
67.353467,-9.9952317,5.9610055,-2.0419295,-0.1746552,3.3081509,-2.2795962
67.453398,-9.9066757,5.9148448,-2.061335,-0.2129538,3.238558,-2.0249362
67.553329,-9.8189778,5.8667366,-2.0843059,-0.2467056,3.1754606,-1.8098875
67.6532599,-9.7325396,5.8165066,-2.1106348,-0.2779587,3.1179837,-1.6279499
67.7531909,-9.6476612,5.7639776,-2.1398017,-0.3069024,3.0653642,-1.5086958
67.8531218,-9.5641464,5.7086864,-2.1717652,-0.3301481,3.0157796,-1.4003031
67.9530528,-9.4828687,5.6509286,-2.2058609,-0.3528865,2.9690166,-1.3536258
68.0529838,-9.4033171,5.5900759,-2.2420062,-0.369483,2.9231013,-1.3311413
68.1529147,-9.3261868,5.5264193,-2.2797992,-0.3840328,2.8772342,-1.3289336
68.2528457,-9.2518706,5.4601366,-2.3186528,-0.3969965,2.8307019,-1.3244927
68.3527766,-9.1796394,5.390388,-2.3588711,-0.403844,2.7835513,-1.3750301
68.4527076,-9.1106806,5.3181848,-2.3995913,-0.4100722,2.7337413,-1.436303
68.5526386,-9.0448714,5.2433833,-2.4405799,-0.4132211,2.6807237,-1.5274939
68.6525695,-8.9817138,5.1653236,-2.482055,-0.4121158,2.6231644,-1.6592694
68.7525005,-8.9221636,5.0851726,-2.5231138,-0.4097653,2.559173,-1.8084552
68.8524314,-8.8661856,5.0030318,-2.5635891,-0.4044926,2.4875541,-1.9894848
68.9523624,-8.8131457,4.9180046,-2.6040851,-0.4020788,2.4063049,-2.1696081
69.0522934,-8.7637112,4.8311332,-2.6446461,-0.4142225,2.3144505,-2.2852801
69.1522243,-8.7180584,4.742585,-2.687013,-0.4469138,2.2135809,-2.2274253
69.2521553,-8.6763482,4.6520028,-2.7339697,-0.5113949,2.110631,-1.7602775
69.3520862,-8.6393347,4.5591589,-2.7931374,-0.6689944,2.0255742,-1.3661618
69.4520172,-8.6086269,4.4641516,-2.8673156,-0.8195044,1.9570148,-1.0543901
69.5519482,-8.585743,4.3667591,-2.956465,-0.953293,1.9024128,-0.7775036
69.6518791,-8.5722639,4.2676471,-3.0584961,-1.0759416,1.8611236,-0.4820893
69.7518101,-8.5695204,4.1678752,3.1113997,-1.1944184,1.8350558,-0.2004443
69.851741,-8.5786304,4.0683416,2.9875938,-1.293429,1.8241076,-0.0041582
69.951672,-8.6005029,3.9705504,2.8547243,-1.3527579,1.8238798,-0.0041582
70.051603,-8.6353515,3.8766394,2.7186276,-1.3184575,1.823652,0.1110403
70.1515339,-8.6822303,3.7882305,2.5912612,-1.2073624,1.8297266,0.4536873
70.2514649,-8.7392559,3.706285,2.4787243,-1.0387095,1.8543393,0.9240221
70.3513958,-8.8041478,3.630832,2.3881193,-0.7834578,1.9034839,1.6568069
70.4513268,-8.8740702,3.5610886,2.3271269,-0.4454001,1.9885632,2.7337743
70.5512578,-8.9471386,3.494908,2.2805182,-0.6937696,2.1214997,1.371883
70.6511887,-9.0247728,3.4331732,2.2025666,-0.8354727,2.1851655,0.5046925
70.7511197,-9.1082501,3.3773813,2.1172891,-0.8417101,2.2081252,0.3898807
70.8510506,-9.1972061,3.3283292,2.0322237,-0.833463,2.2256997,0.3650496
70.9509816,-9.2875255,3.2879116,1.9512635,-0.8115112,2.24203,0.4144945
71.0509126,-9.3820938,3.2544922,1.8698538,-0.8039846,2.2604292,0.3856215
71.1508435,-9.4793552,3.2287571,1.7889991,-0.8085908,2.2774133,0.2996704
71.2507745,-9.5773624,3.2111173,1.7090148,-0.7965997,2.2905249,0.3140783
71.3507054,-9.6772348,3.2012756,1.6289831,-0.7943637,2.3041867,0.2758669
71.4506364,-9.7770002,3.1993754,1.5511339,-0.768206,2.31612,0.372321
71.5505674,-9.8768813,3.2051543,1.4753694,-0.736471,2.3321287,0.4876651
71.6504983,-9.9759594,3.218247,1.404267,-0.6877953,2.3529322,0.6852455
71.7504293,-10.0739474,3.2381142,1.3383861,-0.6221538,2.3818574,0.9632776
71.8503602,-10.1704478,3.2640196,1.2798795,-0.549957,2.4219346,1.2667482
71.9502912,-10.2655641,3.2952235,1.2292602,-0.4595018,2.4736495,1.6806868
72.0502222,-10.3589023,3.3306745,1.1878415,-0.3711844,2.5406391,2.0959932
72.1501531,-10.4511872,3.3697087,1.1548435,-0.2872921,2.621785,2.5166318
72.2500841,-10.5420382,3.4112597,1.1299389,-0.2239795,2.7160146,2.8385414
72.350015,-10.6318802,3.4548229,1.1092591,-0.1895913,2.8185194,2.9839472
72.449946,-10.7210857,3.5001969,1.0915753,-0.168244,2.9224012,3.0524483
72.549877,-10.8090429,3.5468115,1.0756166,-0.152298,3.0249789,3.0949595
72.6498079,-10.8969012,3.5951045,1.0610298,-0.1384385,3.1255498,3.1353748
72.7497389,-10.9837257,3.6444066,1.047925,-0.124744,3.2242369,3.1902041
72.8496698,-11.0698767,3.6947552,1.0361073,-0.1119032,3.3216418,3.2515469
72.9496008,-11.1557396,3.7462346,1.0254892,-0.1004984,3.4180644,3.2763638
73.0495318,-11.2407865,3.7983922,1.0160379,-0.0893409,3.5125468,3.2283041
73.1494627,-11.3255089,3.8513979,1.0076033,-0.0793043,3.6032208,3.1821606
73.2493937,-11.4098604,3.9051076,1.0001487,-0.0701538,3.690419,3.1377665
73.3493246,-11.493652,3.9592893,0.9935967,-0.0613767,3.7744288,3.0949777
73.4492556,-11.5772611,4.0140841,0.9878444,-0.0536132,3.8555001,3.0536689
73.5491866,-11.6605644,4.0693195,0.9828564,-0.0464739,3.9338522,3.0137299
73.6491175,-11.7435137,4.1248761,0.9785623,-0.0396894,4.0096786,2.9702245
73.7490485,-11.8263292,4.1808208,0.9748978,-0.0335949,4.0830329,2.8961282
73.8489794,-11.9089425,4.2370343,0.9718331,-0.0278956,4.1533099,2.8251276
73.9489104,-11.9913671,4.2934559,0.9693247,-0.0224028,4.2207368,2.756995
74.0488414,-12.0736976,4.3500844,0.967345,-0.0172041,4.2855148,2.6915282
74.1487723,-12.1559027,4.4068353,0.9658834,-0.0120897,4.3478237,2.6285468
74.2487033,-12.2380635,4.4637022,0.9649299,-0.0069654,4.4078246,2.5678893
74.3486342,-12.3202003,4.520637,0.9644938,-0.0017751,4.4656624,2.5094099
74.4485652,-12.4022495,4.5775322,0.9645878,0.0037146,4.5214684,2.452977
74.5484962,-12.484403,4.6344547,0.9652362,0.0094125,4.5753615,2.3984711
74.6484271,-12.5666263,4.6913108,0.9664816,0.01546,4.6274503,2.3457831
74.7483581,-12.6487976,4.7479426,0.9683536,0.0221772,4.6778338,-3.6981151
74.848289,-12.7312488,4.8044986,0.9709097,0.0292095,4.5981536,-3.774161
74.94822,-12.8138416,4.8607972,0.9742155,0.0368501,4.5153854,-3.6319043
75.048151,-12.8964888,4.9166874,0.9783065,0.0453991,4.4342785,-3.4952834
75.1480819,-12.9796375,4.9723691,0.9832787,0.0542295,4.3547964,-3.3512928
75.2480129,-13.0628983,5.0274733,0.9891896,0.0640399,4.2772019,-3.2021988
75.3479438,-13.146486,5.082028,0.9960922,0.0747612,4.2017209,-3.0630021
75.4478748,-13.2308551,5.1361979,1.0041363,0.0855696,4.1282298,-2.9117398
75.5478058,-13.3151174,5.189284,1.0132704,0.0977402,4.0571338,-2.7793231
75.6477367,-13.4002861,5.2417878,1.0236348,0.1094356,3.988089,-2.6564934
75.7476677,-13.48597,5.2933236,1.0351632,0.1211613,3.9209594,-2.5487498
75.8475986,-13.5721652,5.3437563,1.0478355,0.1325189,3.8554538,-2.4499537
75.9475296,-13.6592841,5.3931911,1.0616775,0.1438632,3.7914208,-2.3728044
76.0474606,-13.746756,5.4411785,1.0765472,0.1542786,3.728356,-2.2911863
76.1473915,-13.8351879,5.4879336,1.0925266,0.165563,3.6664312,-2.1984809
76.2473225,-13.9242876,5.5331695,1.1096995,0.1782447,3.6060124,-2.0275518
76.3472534,-14.0142171,5.5768251,1.1283542,0.1975057,3.5493795,-1.8032823
76.4471844,-14.104985,5.6186921,1.1492947,0.2216117,3.4982406,-1.5793285
76.5471154,-14.1966645,5.6585407,1.1726727,0.2462309,3.4528307,-1.3534642
76.6470463,-14.2892589,5.6961049,1.1985494,0.2713034,3.4134343,-1.1613916
76.7469773,-14.3828945,5.7311699,1.2267789,0.2936125,3.3792626,-0.9781848
76.8469082,-14.477484,5.7634592,1.2572555,0.3150278,3.350211,-0.8101865
76.9468392,-14.5730046,5.7927439,1.2897029,0.3348079,3.3259568,-0.6699119
77.0467702,-14.6695728,5.8188505,1.3240973,0.3517307,3.3057675,-0.5218148
77.1467011,-14.7667066,5.8414793,1.360013,0.3687903,3.2899556,-0.424287
77.2466321,-14.8650398,5.8606071,1.3975372,0.3807741,3.2770427,-0.320391
77.346563,-14.9637342,5.8759288,1.4362366,0.3927834,3.267258,-0.2374993
77.446494,-15.0630121,5.8873749,1.4759423,0.4023319,3.2599858,-0.1760433
77.546425,-15.1628435,5.8948318,1.5166455,0.4094661,3.254585,-0.1039852
77.6463559,-15.2623622,5.8981815,1.5577863,0.4170848,3.2513906,-0.0768998
77.7462869,-15.3627,5.8973836,1.5997638,0.4202561,3.2490262,-0.0444965
77.8462178,-15.4625442,5.8923803,1.6420274,0.4236816,3.2476573,-0.0131808
77.9461488,-15.5616639,5.8832004,1.6843171,0.4267569,3.2472517,-0.0131808
78.0460798,-15.6612486,5.8696783,1.7271714,0.4260045,3.2468461,-0.0041205
78.1460107,-15.7595999,5.8520168,1.7697755,0.4250662,3.2467193,0.0061212
78.2459417,-15.8564231,5.8303644,1.8117908,0.4224476,3.2469077,0.0332065
78.3458726,-15.9536347,5.8042866,1.8538093,0.4124143,3.2479295,0.1362363
78.4458036,-16.0492413,5.7743481,1.8944584,0.3968016,3.2521185,0.2900966
78.5457346,-16.1431941,5.7407877,1.9328618,0.3705332,3.2610204,0.2480702
78.6456655,-16.2356592,5.7038728,1.9676821,0.3276899,3.2686134,-0.9675328
78.7455965,-16.3269071,5.6639525,1.997795,0.27247,3.2388981,-1.6004849
78.8455274,-16.417221,5.621504,2.0211272,0.1878601,3.1891354,-2.2404111
78.9454584,-16.5067302,5.5770875,2.0424815,0.2336508,3.1181424,-0.7862327
79.0453894,-16.5949612,5.5304802,2.0737726,0.389489,3.0928423,-0.3933018
79.1453203,-16.6812904,5.4806555,2.1153685,0.4341233,3.0801084,-0.2050506
79.2452513,-16.7653442,5.4271823,2.1597961,0.4559303,3.0734485,-0.1040963
79.3451822,-16.8469702,5.3698973,2.2058579,0.467645,3.0700621,-0.0456531
79.4451132,-16.9260719,5.3086852,2.2530143,0.4743036,3.0685757,-0.0117673
79.5450442,-17.002482,5.243523,2.3008785,0.4780214,3.0681924,-0.0117673
79.6449751,-17.0751884,5.1752575,2.3485279,0.4779986,3.0678092,-0.0104257
79.7449061,-17.1444987,5.1036743,2.3960665,0.4754408,3.0674695,0.0146404
79.844837,-17.2107113,5.0284426,2.4436439,0.4727317,3.0679464,0.0387442
79.944768,-17.2732303,4.9502333,2.4907557,0.4690596,3.0692082,0.0696656
80.044699,-17.3317153,4.8696074,2.5371823,0.4626363,3.0714756,0.1237145
80.1446299,-17.3867372,4.7858652,2.5833041,0.4567136,3.075498,0.1682652
80.2445609,-17.4377364,4.6999343,2.6285067,0.448649,3.0809606,0.229416
80.3444918,-17.4847789,4.6119151,2.6728289,0.4382099,3.0883927,0.3083571
80.4444228,-17.5281231,4.5214858,2.7162674,0.4280188,3.0983541,0.3791057
80.5443538,-17.5673222,4.429861,2.7581517,0.4130255,3.1105574,0.4916499
80.6442847,-17.6028372,4.3363609,2.7987681,0.397508,3.1263124,0.6026072
80.7442157,-17.6346026,4.2415399,2.8376161,0.3798624,3.1455155,0.7291724
80.8441466,-17.6627011,4.145749,2.8745547,0.3590035,3.1685961,0.8830549
80.9440776,-17.687427,4.0486757,2.9094668,0.3381958,3.1963245,1.0320552
81.0440086,-17.7087726,3.9512523,2.9419069,0.3126684,3.2284298,1.2281045
81.1439395,-17.7271199,3.8529125,2.9719656,0.2872509,3.2662226,1.4222122
81.2438705,-17.7426173,3.7542166,2.9992526,0.2592925,3.3094495,1.6464198
81.3438014,-17.7555588,3.6551054,3.0237618,0.2300598,3.3587963,1.890476
81.4437324,-17.7662208,3.5556888,3.0452469,0.1999191,3.4145786,2.1544999
81.5436634,-17.7748911,3.4561434,3.0636339,0.1676211,3.4770605,2.4583574
81.6435943,-17.7818957,3.3564126,3.0787769,0.1360166,3.5470102,0.5107116
81.7435253,-17.787524,3.2566261,3.0913979,0.1166054,3.5613696,-3.0345339
81.8434562,-17.7919867,3.1567734,3.102337,0.1140727,3.4751785,-2.7547675
81.9433872,-17.7952762,3.0568725,3.11566,0.1526632,3.3950394,-2.3087718
82.0433182,-17.7970368,2.9569145,3.1330811,0.1992849,3.326388,-1.8002084
82.1432491,-17.7968036,2.857035,-3.1275085,0.2534476,3.2718594,-1.407143
82.2431801,-17.7940466,2.757052,-3.0998227,0.2979602,3.2285956,-1.0423357
82.343111,-17.7883269,2.6574188,-3.0679648,0.3397221,3.1961706,-0.8538303
82.443042,-17.7792277,2.5577339,-3.0327572,0.3642387,3.1693624,-0.6592693
82.542973,-17.7665257,2.4586317,-2.9950566,0.3886901,3.1485069,-0.4830195
82.6429039,-17.7499779,2.360049,-2.955152,0.4104546,3.1331387,-0.3451051
82.7428349,-17.7293699,2.2620892,-2.9130674,0.4274987,3.1221122,-0.2008026
82.8427658,-17.7047278,2.1656086,-2.8697157,0.444126,3.1156784,-0.1354122
82.9426968,-17.6755918,2.0694871,-2.8247197,0.4521191,3.1113322,-0.0552081
83.0426278,-17.6423359,1.9753658,-2.7790198,0.4609283,3.1095585,-0.0120837
83.1425587,-17.6047646,1.8828177,-2.732814,0.4655041,3.1091702,-0.0120837
83.2424897,-17.5626952,1.791621,-2.6859865,0.4645714,3.1087818,-0.0019426
83.3424206,-17.5168324,1.703252,-2.6397604,0.4619906,3.1087193,0.0231804
83.4423516,-17.4667889,1.6167936,-2.5942291,0.4500386,3.1094644,0.1365951
83.5422826,-17.4125609,1.5321242,-2.5501667,0.4217703,3.1138511,0.3983656
83.6422135,-17.355191,1.4503565,-2.5101514,0.3758447,3.1266095,0.8136404
83.7421445,-17.2950881,1.3711353,-2.4762233,0.3004198,3.1525074,1.5019137
83.8420754,-17.2327058,1.2937434,-2.4522156,0.1845322,3.1997622,2.5978728
83.9420064,-17.1685272,1.2173176,-2.4341986,0.169214,3.2798924,-1.3884083
84.0419374,-17.1029127,1.1421803,-2.4114672,0.2781503,3.2373143,-1.038589
84.1418683,-17.0354511,1.0690516,-2.3805036,0.3382047,3.2050943,-0.5659078
84.2417993,-16.9655397,0.9981986,-2.3443842,0.3884819,3.1874012,-0.2836393
84.3417302,-16.8926863,0.9298429,-2.3038324,0.4185942,3.1784961,-0.1265696
84.4416612,-16.8166222,0.864242,-2.2608085,0.4352279,3.1745143,-0.0471893
84.5415922,-16.738114,0.8022819,-2.2169097,0.4435188,3.1730285,-0.037643
84.6415231,-16.6572787,0.7440875,-2.1726199,0.4447984,3.1718427,-0.0224859
84.7414541,-16.5733928,0.6891938,-2.1278311,0.4465039,3.1711342,-0.012567
84.841385,-16.4872264,0.6381623,-2.0831359,0.4476017,3.1707382,-0.012567
84.941316,-16.3991814,0.591198,-2.0385494,0.4456105,3.1703421,0.0085745
85.041247,-16.3088129,0.5480556,-1.9938437,0.4454482,3.1706123,0.0094399
85.1411779,-16.2167804,0.509052,-1.9495024,0.4429287,3.1709099,0.0339296
85.2411089,-16.1230631,0.4741425,-1.9053037,0.4400823,3.171979,0.0595571
85.3410398,-16.0279729,0.4434169,-1.8613621,0.4378787,3.1738547,0.0765013
85.4409708,-15.9316225,0.4168644,-1.8182762,0.4240988,3.1762625,0.2088077
85.5409018,-15.8342951,0.3944227,-1.7770264,0.3967804,3.1828252,0.4678021
85.6408327,-15.7361252,0.375846,-1.7392217,0.3596876,3.197479,0.8098199
85.7407637,-15.6373613,0.3608116,-1.7051086,0.3233319,3.222689,1.1289816
85.8406946,-15.5381426,0.3489728,-1.6746128,0.2865254,3.2575089,1.4463107
85.9406256,-15.4385922,0.3399763,-1.6478644,0.2486916,3.3015795,1.7755303
86.0405566,-15.3389148,0.3334592,-1.6249501,0.2101023,3.3548901,2.1211691
86.1404875,-15.2390688,0.3290338,-1.6058728,0.1713782,3.4174887,2.4838355
86.2404185,-15.139163,0.3263189,-1.5907091,0.132139,3.4893628,2.8759013
86.3403494,-15.039258,0.3249264,-1.5793666,0.0953606,3.5707753,3.1986743
86.4402804,-14.939308,0.3244864,-1.5715969,0.0627254,3.6591979,3.1536639
86.5402114,-14.8393813,0.324684,-1.5663972,0.0413659,3.7443326,3.1103087
86.6401423,-14.7394553,0.3252962,-1.5632551,0.0222758,3.8264421,3.0684769
86.7400733,-14.639511,0.3261314,-1.5619223,0.0046245,3.9057561,3.0280533
86.8400042,-14.5395953,0.3270164,-1.5622045,-0.0102657,3.982477,2.9889363
86.9399352,-14.439666,0.3278018,-1.5638036,-0.0183864,4.0567842,2.922644
87.0398662,-14.3397264,0.3284064,-1.5657139,-0.0198416,4.1281501,2.8505479
87.1397971,-14.2398061,0.3288172,-1.5676259,-0.0181918,4.1965866,2.7813993
87.2397281,-14.1398694,0.3290464,-1.5693492,-0.016305,4.2623039,2.714987
87.339659,-14.0399363,0.3291127,-1.5708858,-0.0144499,4.3254892,2.6511234
87.43959,-13.9400049,0.3290346,-1.5722384,-0.012629,4.38631,2.5896403
87.539521,-13.8400695,0.3288304,-1.5734103,-0.0108292,4.4449169,2.5303865
87.6394519,-13.7401372,0.3285181,-1.5744041,-0.0090609,4.5014458,2.4732254
87.7393829,-13.6402,0.3281152,-1.5752219,-0.0073121,4.5560199,2.4180334
87.8393138,-13.5402791,0.3276394,-1.5758658,-0.0055761,4.6087515,2.3646977
87.9392448,-13.4403322,0.3271077,-1.5763373,-0.0038584,4.6597429,2.3131156
88.0391758,-13.3403987,0.3265376,-1.576637,-0.0021419,4.7090877,2.2631929
88.1391067,-13.240482,0.3259461,-1.5767653,-0.000425,4.7568722,2.214843
88.2390377,-13.1405244,0.3253502,-1.5767218,0.001297,4.8031756,2.1679862
88.3389686,-13.0406056,0.3247675,-1.5765056,0.0030369,4.8480712,2.1225491
88.4388996,-12.9406745,0.3242151,-1.5761138,0.0048083,4.8916266,2.0784634
88.5388306,-12.8407156,0.3237105,-1.5755445,0.0065793,4.9339048,2.0356659
88.6387615,-12.7408227,0.323272,-1.574798,0.008395,4.9749642,1.994098
88.7386925,-12.6408637,0.3229173,-1.5738588,0.0104004,5.0148592,1.9611344
88.8386234,-12.5409331,0.3226654,-1.5727768,0.0104094,5.0537876,1.9411802
88.9385544,-12.4410499,0.3225171,-1.5718103,0.0089356,5.0920268,1.9215757
89.0384854,-12.3410812,0.3224577,-1.5709979,0.0073153,5.1295991,1.9023095
89.1384163,-12.2411538,0.3224714,-1.570345,0.0058254,5.1665255,1.883371
89.2383473,-12.1412508,0.3225433,-1.5698299,0.0044857,5.2028262,1.8647502
89.3382782,-12.0412898,0.3226614,-1.5694073,0.0040438,5.2385201,1.8464373
89.4382092,-11.9413701,0.3228198,-1.5690197,0.0037728,5.2736254,1.8284234
89.5381402,-11.8414519,0.3230159,-1.5686485,0.0036562,5.3081595,1.8106995
89.6380711,-11.7415011,0.3232487,-1.5682891,0.0035353,5.3421388,1.7932575
89.7380021,-11.6415858,0.3235166,-1.567942,0.0034114,5.3755791,1.7760894
89.837933,-11.5416571,0.3238187,-1.5676074,0.0032841,5.4084955,1.7591875
89.937864,-11.4417143,0.3241536,-1.5672857,0.0031533,5.4409023,1.7425446
90.037795,-11.3418012,0.3245199,-1.5669773,0.0030197,5.4728134,1.7261537
90.1377259,-11.2418657,0.3249164,-1.5666823,0.0028827,5.5042419,1.7100082
90.2376569,-11.1419289,0.3253417,-1.5664012,0.0027425,5.5352005,1.6941017
90.3375878,-11.0420163,0.3257943,-1.5661343,0.0025998,5.5657013,1.6784281
90.4375188,-10.942077,0.3262729,-1.5658818,0.0024536,5.595756,1.6629814
90.5374498,-10.8421446,0.3267761,-1.565644,0.0023047,5.6253757,1.6477561
90.6373807,-10.7422313,0.3273021,-1.5654212,0.0021535,5.6545712,1.6327467
90.7373117,-10.6422906,0.3278498,-1.5652137,0.001999,5.6833528,1.617948
90.8372426,-10.5423612,0.3284174,-1.5650218,0.0018422,5.7117305,1.6033549
90.9371736,-10.442446,0.3290033,-1.5648456,0.0016833,5.7397138,1.5889627
91.0371046,-10.342506,0.3296062,-1.5646855,0.0015212,5.767312,1.5747666
91.1370355,-10.2425785,0.3302241,-1.5645416,0.0013572,5.794534,1.5607622
91.2369665,-10.1426597,0.3308556,-1.5644143,0.0011913,5.8213882,1.5469452
91.3368974,-10.0427227,0.3314991,-1.5643037,0.0010226,5.8478831,1.5333113
91.4368284,-9.9427961,0.3321527,-1.56421,0.0008522,5.8740265,1.5198565
91.5367594,-9.8428727,0.3328148,-1.5641334,0.0006802,5.8998261,1.506577
91.6366903,-9.7429403,0.3334838,-1.5640741,0.0005057,5.9252895,1.4934689
91.7366213,-9.6430139,0.3341577,-1.5640324,0.0003299,5.9504238,1.4805287
91.8365522,-9.543087,0.334835,-1.5640083,0.0001526,5.9752359,1.4677527
91.9364832,-9.4431585,0.3355138,-1.564002,-0.0000268,5.9997327,1.4551377
92.0364142,-9.3432314,0.3361923,-1.5640136,-0.0002072,6.0239206,1.4546405
92.1363451,-9.2433022,0.3368688,-1.5640434,-0.0003888,6.0480035,1.4542771
92.2362761,-9.1433768,0.3375413,-1.5640914,-0.0005722,6.0719849,1.4539137
92.336207,-9.0434483,0.3382082,-1.5641578,-0.0007562,6.095866,1.4535505
92.436138,-8.943518,0.3388675,-1.5642426,-0.0009413,6.119648,1.4531874
92.536069,-8.8435948,0.3395174,-1.564346,-0.0011277,6.1433321,1.4528243
92.6359999,-8.7436641,0.340156,-1.564468,-0.0013145,6.1669193,1.4524614
92.7359309,-8.6437339,0.3407816,-1.5646087,-0.0015022,6.1904107,1.4520985
92.8358618,-8.5438122,0.341392,-1.5647682,-0.0016907,6.2138075,1.4517357
92.9357928,-8.4438785,0.3419857,-1.5649466,-0.0018794,6.2371108,1.4513731
93.0357238,-8.3439498,0.3425606,-1.5651439,-0.0020686,6.2603215,1.4510105
93.1356547,-8.2440286,0.3431147,-1.56536,-0.0022584,6.2834407,1.450648
93.2355857,-8.1440908,0.3436464,-1.5655952,-0.002448,6.3064694,1.4502856
93.3355166,-8.0441652,0.3441536,-1.5658493,-0.002638,6.3294086,1.4499232
93.4354476,-7.9442436,0.3446344,-1.5661224,-0.0028281,6.3522592,1.449561
93.5353786,-7.8443008,0.3450871,-1.5664145,-0.0030178,6.3750223,1.4491989
93.6353095,-7.7443802,0.3455096,-1.5667256,-0.0032077,6.3976987,1.4488368
93.7352405,-7.644457,0.3459,-1.5670556,-0.0033973,6.4202894,1.4484749
93.8351714,-7.5445079,0.3462566,-1.5674046,-0.0035862,6.4427953,1.448113
93.9351024,-7.4445947,0.3465773,-1.5677723,-0.0037752,6.4652172,1.4477512
94.0350334,-7.3446685,0.3468603,-1.568159,-0.0039634,6.4875561,1.4473895
94.1349643,-7.2447116,0.3471038,-1.5685645,-0.0041508,6.5098128,1.4470279
94.2348953,-7.1448086,0.3473057,-1.5689886,-0.004338,6.5319881,1.4466664
94.3348262,-7.0448779,0.3474644,-1.5694314,-0.0045241,6.5540828,1.446305
94.4347572,-6.9449235,0.347578,-1.5698928,-0.0047092,6.5760979,1.4459437
94.5346882,-6.8450219,0.3476444,-1.5703725,-0.0048937,6.598034,1.4455824
94.6346191,-6.7450849,0.347662,-1.5708707,-0.005077,6.6198919,1.4452213
94.7345501,-6.6451393,0.3476289,-1.5713873,-0.0052592,6.6416725,1.4448602
94.834481,-6.5452346,0.3475433,-1.5719218,-0.0054401,6.6633765,1.4444993
94.934412,-6.4452892,0.3474034,-1.5724744,-0.0056199,6.6850046,1.4441384
95.034343,-6.3453568,0.3472073,-1.5730451,-0.0058001,6.7065576,1.4437776
95.1342739,-6.2454468,0.3469534,-1.5736333,-0.0059729,6.7280362,1.4434169
95.2342049,-6.1454905,0.3466397,-1.5742388,-0.0061475,6.7494411,1.4430563
95.3341358,-6.0455765,0.3462647,-1.574863,-0.006346,6.770773,1.4426958
95.4340668,-5.9456561,0.3458265,-1.575504,-0.0064489,6.7920326,1.4423354
95.5339978,-5.8456868,0.3453235,-1.576151,-0.0064882,6.8132206,1.441975
95.6339287,-5.7457877,0.3447564,-1.5767948,-0.0064023,6.8343376,1.4416148
95.7338597,-5.6458517,0.3441251,-1.5774308,-0.0063318,6.8553844,1.4412546
95.8337906,-5.5459015,0.3434304,-1.5780609,-0.0062764,6.8763614,1.4408946
95.9337216,-5.4459918,0.3426733,-1.5786848,-0.0062125,6.8972695,1.4405346
96.0336526,-5.346052,0.341854,-1.5793026,-0.0061497,6.9181092,1.4401747
96.1335835,-5.2461211,0.3409734,-1.5799141,-0.0060879,6.9388811,1.4398149
96.2335145,-5.1461969,0.340032,-1.5805193,-0.0060245,6.9595858,1.4394552
96.3334454,-5.0462615,0.3390303,-1.5811183,-0.0059621,6.980224,1.4390956
96.4333764,-4.9463369,0.3379692,-1.5817108,-0.0058981,7.0007962,1.438338
96.5333074,-4.8464069,0.3368491,-1.5822971,-0.0058338,7.0212974,1.427728
96.6332383,-4.7464847,0.3356708,-1.5828769,-0.0057702,7.0415883,1.4172259
96.7331693,-4.6465526,0.3344348,-1.5834502,-0.0057038,7.0616722,1.4068299
96.8331002,-4.5466258,0.3331419,-1.5840169,-0.0056378,7.0815525,1.3965382
96.9330312,-4.4467121,0.3317929,-1.584577,-0.0055716,7.1012324,1.3863494
97.0329622,-4.3467721,0.3303879,-1.5851304,-0.0055029,7.1207148,1.3762619
97.1328931,-4.2468571,0.3289282,-1.5856763,-0.0053951,7.1400029,1.366274
97.2328241,-4.1469379,0.3274147,-1.5862053,-0.0051922,7.1590997,1.3563843
97.332755,-4.0469993,0.3258494,-1.5867002,-0.0046036,7.1780079,1.3465913
97.432686,-3.9471038,0.3242388,-1.5871232,-0.0038472,7.1967305,1.3368936
97.532617,-3.8471664,0.3225892,-1.5874644,-0.0029806,7.2152702,-2.5580249
97.6325479,-3.7472357,0.3209099,-1.587719,-0.0021154,7.1797543,-4.4553819
97.7324789,-3.6473652,0.3192106,-1.5878871,-0.0012489,7.1174722,-4.5000539
97.8324098,-3.547398,0.3174971,-1.587969,-0.0003892,7.0540075,-4.5380659
97.9323408,-3.4474797,0.3157805,-1.5879648,0.0004708,6.9894231,-4.4961157
98.0322718,-3.3476065,0.3140695,-1.5878749,0.001331,6.9248417,-4.4561154
98.1322027,-3.2476309,0.3123699,-1.5876993,0.0021825,6.8602351,-4.4057641
98.2321337,-3.1477271,0.3106935,-1.5874337,0.0032905,6.7957546,-4.3374402
98.3320646,-3.0478367,0.3090504,-1.5870279,0.0048373,6.7316708,-4.1692972
98.4319956,-2.9478618,0.3074569,-1.5863716,0.0086845,6.6694908,-3.9749245
98.5319266,-2.8479712,0.3059516,-1.5852827,0.0132688,6.609665,-3.7627813
98.6318575,-2.74806,0.3045789,-1.5837004,0.0184203,6.5525289,-3.558782
98.7317885,-2.6480818,0.3033894,-1.5816019,0.0235409,6.4980282,-3.3605725
98.8317194,-2.5481983,0.3024361,-1.5789929,0.0286713,6.4461399,-3.1704644
98.9316504,-2.4482679,0.3017685,-1.5758755,0.0337418,6.3968011,-2.9881597
99.0315814,-2.3482828,0.3014378,-1.5722501,0.0387443,6.3499484,-2.8105382
99.1315123,-2.2484025,0.3014942,-1.5681292,0.0437414,6.3055631,-2.6399236
99.2314433,-2.1484711,0.3019873,-1.5635135,0.0486616,6.2635857,-2.4761154
99.3313742,-2.0484841,0.3029669,-1.5584043,0.053496,6.2239557,-2.3159485
99.4313052,-1.9486133,0.3044795,-1.5528184,0.0583125,6.1866594,-2.1615731
99.5312362,-1.8487228,0.3065745,-1.5467573,0.0630433,6.1516451,-2.0138912
99.6311671,-1.7487531,0.3093012,-1.5402206,0.0676521,6.1188429,-1.8692597
99.7310981,-1.6489145,0.3127003,-1.5332311,0.0722233,6.0882382,-1.7288934
99.831029,-1.5491353,0.316818,-1.5257958,0.0767136,6.0597941,-1.596167
99.93096,-1.4492224,0.3217087,-1.5179061,0.0810211,6.0334145,-1.4663401
100.030891,-1.34946,0.3274024,-1.5095943,0.0852639,6.0090786,-1.3393522
100.1308219,-1.2498611,0.333938,-1.5008763,0.0894344,5.9867637,-1.2209955
100.2307529,-1.1501025,0.3413796,-1.4917346,0.0933638,5.9663481,-1.10639
100.3306838,-1.0504863,0.3497465,-1.4822066,0.0971792,5.9477882,-0.9950569
100.4306148,-0.9510601,0.3590705,-1.4723142,0.1008865,5.9310463,-0.8897026
100.5305458,-0.8516905,0.3694001,-1.4620609,0.1044028,5.9160369,-0.7917957
100.6304767,-0.7523171,0.3807793,-1.4514524,0.1076815,5.9026471,-0.6979662
100.7304077,-0.6531676,0.3932156,-1.4405308,0.1108132,5.8908188,-0.6085204
100.8303386,-0.5542564,0.4067357,-1.4293186,0.1137851,5.8804869,-0.5277049
100.9302696,-0.4553635,0.4213997,-1.4178099,0.1164736,5.8715124,-0.4542286
101.0302006,-0.3566197,0.4372188,-1.4060367,0.1189148,5.8637765,-0.3857984
101.1301315,-0.2581547,0.454196,-1.3940374,0.1211739,5.857198,-0.3230424
101.2300625,-0.1599848,0.4723484,-1.3818348,0.1232327,5.8516839,-0.276097
101.3299934,-0.061927,0.4917307,-1.3694394,0.1248028,5.846967,-0.2160897
101.4299244,0.0359418,0.5123481,-1.3568651,0.1267166,5.8432726,-0.2135336
101.5298554,0.1334602,0.5341848,-1.3441446,0.1269486,5.8396197,-0.0426158
101.6297863,0.2306505,0.557246,-1.3314638,0.1319933,5.8388904,-110.080256
101.7297173,0.3274338,0.5815828,-1.316985,0.1588259,3.477325,-2.5596267
