x_m,y_m,phi_rad,Ux_mps,Uy_mps,r_radps
0.3274338,0.5815828,0.263015,3.477325,0,0.5522892727175
0.4242189,0.6075264,0.2793513000000001,3.4029718,0,0.5744532874777399
0.5206092,0.6351178,0.2967561000000001,3.327114,0,0.5889264603348
0.6163539,0.6643685,0.3145922000000001,3.2496222,0,0.5653124019675
0.7114373,0.6952301,0.3311784,3.1665923,0,0.48609345087764
0.8058203,0.7274537,0.34437300000000004,3.0719505,0,0.30275515994234997
0.8996811,0.7605014,0.3504085000000001,2.9533469,0,0.20926205261171
0.9933856,0.794347,0.36364550000000007,2.8609047,0,0.63649922728446
1.0864599,0.8303519,0.3964907,2.8238023,0,1.22340613410994
1.1779074,0.8702963,0.44755580000000017,2.8189377,0,1.55114809501446
1.2669892,0.915107,0.5028464000000001,2.8145019,0,1.51808997512466
1.3534782,0.9645732,0.5542175,2.8067525,0,1.465266265326
1.4375246,1.0186445,0.6079888000000001,2.8000482,0,1.5434453688521999
1.5188396,1.0775524,0.6647237,2.7996985,0,1.6073158678852
1.5962017,1.1406384,0.721847,2.7993488,0,1.6010629118905602
1.6696385,1.2078318,0.7784945000000001,2.799644,0,1.5838985929999998
1.739522,1.2794327,0.8348312000000001,2.8016368,0,1.55949302245952
1.8055585,1.3551217,0.8902300000000001,2.8059514,0,1.53356776470254
1.8668673,1.4336526,0.9437795000000001,2.8126048,0,1.49089402070432
1.9240979,1.5155433,0.9959727,2.8231309,0,1.44536284388244
1.9772389,1.6005569,1.0464220000000002,2.8375922,0,1.4014879226168802
2.0258922,1.6876659,1.0944298000000001,2.8556042,0,1.34081097257414
2.0704881,1.7771201,1.1401726,2.8786421,0,1.27562246115614
2.1111442,1.8686254,1.1831729000000002,2.9068855,0,1.2098530123137499
2.147855,1.9614477,1.2230467,2.9401286,0,1.1271350504175
2.1810444,2.0557814,1.2597651,2.9798067,0,1.03800940635093
2.2109172,2.1511771,1.2926515,3.0262555,0,0.938696036012
2.2378066,2.2474433,1.3220793,3.080188,0,0.8602105711548002
2.2619886,2.3443848,1.3485559,3.1392691,0,0.79618174306891
2.2837021,2.4419182,1.3730486000000002,3.2019348,0,0.75702640050744
2.3030962,2.5398953,1.3958591,3.2656927,0,0.7213748623972299
2.320337,2.6383525,1.4171891,3.3302598,0,0.6865866749527799
2.3355327,2.7370744,1.4371464,3.3956224,0,0.6567255964006401
2.3488199,2.8360825,1.4558346,3.4613666,0,0.62615464134346
2.3603302,2.9354498,1.4733166,3.5276442,0,0.59485923339318
2.3701429,3.034766,1.4895015,3.5945991,0,0.55972437181866
2.3784227,3.1343756,1.5044115,3.6626731,0,0.5209383323399
2.3852865,3.2340961,1.5179038,3.7322727,0,0.47686539156087
2.390872,3.3337721,1.5298584000000002,3.7963529,0,0.4220481445988
2.3953598,3.4337331,1.5401306000000001,3.7189843,0,0.35272818162878994
2.3988831,3.5334601,1.5490647000000002,3.6319347,0,0.3059033320422
2.4015649,3.6333627,1.5573698,3.5379946,0,0.32380044998714
2.4033248,3.7333696,1.5678916,3.4492523,0,0.40948178097203003
2.4038624,3.8330944,1.5823875,3.3765948,0,0.6020252426332799
2.4026215,3.9332037,1.6034491000000002,3.3207781,0,0.7960081106939301
2.3990317,4.0327081,1.6293252,3.2746471,0,0.91340681207959
2.3926524,4.1325187,1.6587770000000002,3.2340434,0,0.98662158599858
2.3832431,4.2320327,1.6900199,3.1954252,0,1.02347360175368
2.3706545,4.3311764,1.7228515,3.1592872,0,1.0646229192304
2.3546953,4.4300448,1.7575511000000001,3.1266209,0,1.1145653119484
2.3352817,4.5280226,1.7938661,3.0954395,0,1.1440199594648
2.3122107,4.6254152,1.8315877,3.0664781,0,1.18013225689814
2.285444,4.7217804,1.870405,3.0372914,0,1.19190725527016
2.2549284,4.8169696,1.9102625,3.0089848,0,1.21468864875456
2.2205241,4.9110635,1.9509008,2.980473,0,1.2189612987225
2.1823454,5.0035365,1.9923345000000001,2.9509099,0,1.2285573352138301
2.1403644,5.0943055,2.0341702,2.9208384,0,1.23335964862848
2.0943444,5.1836663,2.0770332000000002,2.8897007,0,1.23541871382736
2.0453218,5.269622,2.1197862,2.8576561,0,1.25582354934673
1.9912483,5.3554838,2.1641573000000003,2.8256381,0,1.22931052666979
1.9342926,5.4376818,2.2077046,2.7891555,0,1.20195727659225
1.875041,5.5158503,2.2492861,2.7480461,0,1.14880803109294
1.8107549,5.5941155,2.2824109,2.7040879,0,0.5434867851660901
1.7461497,5.6699078,2.2814767,2.6066562,0,-0.73639575577158
1.6837056,5.7467317,2.2432058,2.5202463,0,-0.90917053591221
1.6231402,5.8259775,2.2301032000000003,2.4360078,0,0.26359626282473997
1.5615829,5.9045329,2.2669591000000002,2.3842398,0,1.36671253522644
1.4956925,5.9796833,2.3363343,2.383942,0,1.8876298302025998
1.4247801,6.0491602,2.4146411,2.3836442,0,1.86300291308992
1.3484524,6.1131547,2.4907002,2.38583,0,1.7659551013839998
1.2671528,6.1716373,2.5631037,2.3975132,0,1.68699002406912
1.1815455,6.2244519,2.6325283,2.4161238,0,1.6384926636833397
1.0934437,6.2708816,2.6986054,2.438106,0,1.5896746130825998
1.002241,6.311604,2.7626611,2.4632561,0,1.54537445741066
0.9082593,6.3466619,2.8245021,2.4909212,0,1.5054064109447598
0.8128548,6.3758318,2.8831043000000003,2.5205287,0,1.4415228783502299
0.7158182,6.3995415,2.9385491000000004,2.554345,0,1.363452143672
0.617324,6.4180955,2.9899794,2.5935231,0,1.27718926857354
0.5185768,6.4317307,3.0362612,2.6385666,0,1.15286943225132
0.4190344,6.4410733,3.0771994,2.6928997,0,1.0185895808149699
0.3191372,6.4466492,3.1118102,2.7570024,0,0.8666642558404801
0.2193656,6.4490879,3.1397059,2.8321358,0,0.68949224013098
0.1192843,6.4490961,3.1605492,2.9202894,0,0.50311271435292
0.019419,6.4473883,3.1739981000000004,3.0218693,0,0.29459841181384
-0.080524,6.4447042,3.1800553000000003,3.1347638,0,0.07264000067911999
-0.1804673,6.4417878,3.1786412000000004,3.0383114,0,-0.15595227052604
-0.280393,6.4393824,3.1698814,2.9225222,0,-0.36177405485026
-0.3803419,6.4382141,3.1538846,2.8196091,0,-0.55085349574332
-0.4803025,6.4389941,3.1309692,2.7277735,0,-0.7186472041066001
-0.5802263,6.4424059,3.1012893999999998,2.6454626,0,-0.86784083137488
-0.6798399,6.4490816,3.0654275,2.5717903,0,-1.00517703774216
-0.7793486,6.4596559,3.0235207,2.5044916,0,-1.11740246956104
-0.8780701,6.4746257,2.9761809,2.4427856,0,-1.2199271286400002
-0.976027,6.4945142,2.9240414,2.3843065,0,-1.2979494595873502
-1.0728277,6.5197251,2.8671725,2.3298449,0,-1.38300921275593
-1.1676333,6.5505275,2.8051665000000003,2.2815125,0,-1.4864471454287498
-1.2607723,6.5876341,2.7372809,2.2384403,0,-1.5779598374491601
-1.3507981,6.6310966,2.6639161,2.1999663,0,-1.65986379351513
-1.4369882,6.6810304,2.5867896000000004,2.1645487,0,-1.72434031823847
-1.5196318,6.738113,2.505521,2.1286476,0,-1.7477314335989997
-1.5969179,6.8014976,2.4218299,2.0916257,0,-1.7697728213236699
-1.6680798,6.8706743,2.3368423,2.0531467,0,-1.78898207019389
-1.7339874,6.9469146,2.2486684,2.0132441,0,-1.77627379393863
-1.7926254,7.0283683,2.1590448,1.9677247,0,-1.7641968343324301
-1.8434684,7.1143612,2.0686531,1.9161654,0,-1.73625030724818
-1.8862543,7.204376,1.9790672,1.8570061,0,-1.64314454959533
-1.9210567,7.2978228,1.8957842,1.7835195,0,-1.411566508275
-1.9482862,7.3932313,1.8202204000000002,1.6708832,0,-1.37999730574048
-1.9673705,7.4902542,1.7167369000000001,1.6388766,0,-2.42441703195624
-1.9729003,7.5898324,1.5521338,1.6386719,0,-2.74612618974717
-1.9618765,7.6891559,1.3890119,1.6384672,0,-2.5668028900668802
-1.9355001,7.785462,1.2384959000000002,1.6561217,0,-2.3975079303209696
-1.8954652,7.876995,1.0988678,1.6875627,0,-2.25807060925074
-1.8434854,7.9624267,0.9697770000000001,1.7276961,0,-2.12504460679875
-1.7813295,8.040861,0.8517706,1.7747641,0,-1.98134575385795
-1.7108155,8.1118544,0.7461769,1.8290928,0,-1.80906405093072
-1.6337628,8.1755127,0.6560604000000001,1.8928262,0,-1.54943553855722
-1.5518462,8.2326409,0.5833468,1.9736051,0,-1.2579597071781798
-1.4665728,8.2843819,0.5290532000000001,2.0729984,0,-0.92081925568512
-1.3793424,8.3321378,0.4931951000000001,2.1941102,0,-0.71464100030976
-1.2900018,8.3773069,0.4618434,2.3235559,0,-0.72790546861598
-1.1996265,8.4193761,0.42668970000000006,2.4410877,0,-0.94178798994759
-1.1080388,8.4578656,0.3872452000000002,2.5292923,0,-1.0114250396685798
-1.0137558,8.4931182,0.34671320000000017,2.6045758,0,-1.04612604686694
-0.9188648,8.5243114,0.306994,2.6715038,0,-1.05638847322792
-0.8228157,8.5517404,0.26805610000000013,2.7332194,0,-1.0371698459230798
-0.7250891,8.5756601,0.23067000000000015,2.793104,0,-1.0201577739264
-0.6275583,8.5958136,0.1957268000000001,2.8512053,0,-0.9637282051986901
-0.5287943,8.6127613,0.16295170000000003,2.9116217,0,-0.91243789394043
-0.4298086,8.6265728,0.13324900000000017,2.9738584,0,-0.83824503583808
-0.3303313,8.6376046,0.10664090000000015,3.0401946,0,-0.7511387516857799
-0.230829,8.6461568,0.08387490000000009,3.1118236,0,-0.650892362853
-0.1308738,8.6526502,0.06498530000000002,3.1899205,0,-0.53336651030585
-0.0312217,8.6574531,0.050465800000000005,3.2467168,0,-0.4002373901616
0.0688866,8.6610472,0.040524400000000016,3.1466898,0,-0.23542903745639998
0.1687518,8.6638843,0.03544420000000015,3.024776,0,-0.0890512203056
0.2684583,8.6664232,0.034577199999999975,2.8812543,0,0.03620094340149
0.3684118,8.6691451,0.03982920000000001,2.7481343,0,0.27652579248232995
0.4681236,8.672865,0.054806300000000086,2.632114,0,0.5263501536536
0.5679494,8.6785932,0.07997750000000003,2.5332709,0,0.7711165155680401
0.6676265,8.6873608,0.11548069999999999,2.4488022,0,0.9808451922297599
0.7664858,8.7000621,0.16006540000000014,2.3782412,0,1.17855478782076
0.8652032,8.7177244,0.2138169000000001,2.3188341,0,1.34143254137904
0.9624115,8.7410016,0.27604530000000005,2.2711304,0,1.5018508397816
1.0575318,8.7705372,0.3458622,2.2361248,0,1.66216567806016
1.1509277,8.8073155,0.42396220000000007,2.2125593,0,1.7995359878385402
1.2406067,8.8513794,0.5089331000000001,2.2007392,0,1.9289179787468802
1.3255931,8.9027935,0.598496,2.2004643,0,2.04502284170871
1.4065092,8.9624477,0.6897864,2.2001895,0,1.9549330563213
1.4815649,9.0288731,0.7766780000000001,2.2089256,0,1.8488517304398402
1.5505291,9.1010553,0.8570649,2.2273932,0,1.72416248637108
1.613502,9.1780627,0.9308941000000001,2.2565178,0,1.5936803636157
1.6709741,9.2592706,0.9950300000000001,2.2959185,0,1.3104769889817498
1.7237642,9.3441047,1.0510248,2.3596545,0,1.2509377980120002
1.7717815,9.4316722,1.1067511,2.4240479,0,1.4068662537493102
1.8147084,9.5218005,1.1637833,2.4682641,0,1.36639965880593
1.8525211,9.6141122,1.2185658000000001,2.5131898,0,1.36581008650064
1.8852275,9.7082719,1.2729944,2.5549735,0,1.40680494522105
1.9127237,9.8040975,1.3283465,2.5898386,0,1.45377041732118
1.9348523,9.9014582,1.3848058,2.6177243,0,1.4901929593507197
1.9514508,10.0001785,1.4421281000000001,2.640171,0,1.5168553324932
1.9623692,10.0999813,1.500016,2.6585225,0,1.53811185322525
1.9674648,10.1994341,1.557612,2.6735928,0,1.5484524434491203
1.9668126,10.2992146,1.6154351,2.6866851,0,1.55460680881638
1.9603619,10.3991729,1.6734692,2.6983478,0,1.5614065098438399
1.948142,10.4985155,1.7313059000000002,2.7086119,0,1.5657537379735003
1.9302861,10.5965988,1.7887705,2.7178128,0,1.5611567880124801
1.9067448,10.6938492,1.8461932,2.7269101,0,1.55854201622814
1.8776781,10.7896053,1.9031681,2.7357167,0,1.5540184000016
1.8433312,10.8832907,1.9595016,2.7444437,0,1.5388422414700302
1.803691,10.97513,2.0153378,2.7541601,0,1.52576668799062
1.7590539,11.0645779,2.0702627000000002,2.7646013,0,1.5084958526208398
1.7096429,11.151407,2.1242477,2.7761462,0,1.48289542722182
1.6556169,11.2355483,2.1771703000000002,2.7895631,0,1.45954655753639
1.597305,11.3167002,2.2287425,2.8045249,0,1.4293202257827102
1.5348967,11.3948278,2.2790067,2.8216332,0,1.3948712686234799
1.4687684,11.4697015,2.3276674,2.8411941,0,1.36235938981584
1.3990548,11.5414056,2.3746737,2.8628893,0,1.3201984975806
1.3260916,11.6098342,2.4199231,2.8875719,0,1.2770722751106902
1.2503996,11.6747802,2.4630873,2.9151927,0,1.23397978900329
1.1716918,11.7367439,2.5042446,2.9456142,0,1.1747583673486202
1.0907072,11.7954181,2.5429912000000003,2.9803112,0,1.11985014521328
1.0078957,11.8508046,2.5791983,3.0186711,0,1.06319135664261
0.922777,11.9034752,2.6139809,3.0607246,0,1.04684096451794
0.8360338,11.9531317,2.6476055,3.1023697,0,1.02847371469731
0.7478512,11.9998083,2.6801453000000004,3.1438784,0,1.00585685672576
0.6581238,12.0436982,2.7113228,3.1857273,0,0.96771181613904
0.5670116,12.0848839,2.7409459,3.2294821,0,0.9333258170195698
0.4748595,12.1233759,2.7690803,3.2747384,0,0.90287681436864
0.3816999,12.1593098,2.7960389,3.3210966,0,0.87806705484162
0.2875389,12.1927948,2.8220877,3.3680082,0,0.8642234945019599
0.1925943,12.2238387,2.8473934,3.4144229,0,0.8563758462987701
0.096895,12.252497,2.8721967,3.459819,0,0.8527758411381
0.0004453,12.2788087,2.8967032,3.5038626,0,0.85344212043468
-0.0964916,12.3027304,2.9209949,3.5462246,0,0.86124958200948
-0.1940141,12.3243014,2.9452274000000003,3.5862976,0,0.87077170602752
-0.2921223,12.3435184,2.9695196,3.6240251,0,0.88194238593349
-0.3906506,12.3603392,2.9939142,3.6593525,0,0.895292791427
-0.4894311,12.3747276,3.0184224000000004,3.6921684,0,0.9099496708536
-0.588652,12.3866945,3.0431442,3.7224464,0,0.92456523031248
-0.6882783,12.3962065,3.068108,3.7502894,0,0.939316234571
-0.78781,12.4032007,3.09321,3.7757754,0,0.95406821415756
-0.8876145,12.4076876,3.1185638,3.79899,0,0.968168042712
-0.9876485,12.4096332,3.1441737,3.8200777,0,0.98193263641204
-1.0874996,12.4090096,3.1699427,3.8391448,0,0.9948018879773599
-1.1873351,12.4058015,3.1959282,3.8563479,0,1.00684693178478
-1.2871994,12.3999803,3.2221482999999997,3.8718301,0,1.01858209074051
-1.3867281,12.3915482,3.2485119,3.8856777,0,1.02914932715667
-1.4860033,12.3804857,3.2750564,3.8980586,0,1.03882638000624
-1.5850807,12.3667642,3.3018004000000003,3.9091075,0,1.04838393133575
-1.6836202,12.3504147,3.3286565,3.9188773,0,1.05658104926036
-1.7817037,12.3314135,3.3556654000000004,3.9275426,0,1.0640286324619601
-1.8793417,12.3097397,3.3828318,3.9352114,0,1.0715560966143
-1.976221,12.2854508,3.4100755,3.9419058,0,1.0774115480205
-2.07245,12.2585121,3.4374462,3.9478213,0,1.0828723808690601
-2.1679735,12.2289233,3.4649277,3.9530205,0,1.08856974032235
-2.2625284,12.1967586,3.4924564,3.9575008,0,1.0921447680246401
-2.3562243,12.1619753,3.5200809,3.9614949,0,1.09585486510434
-2.4489381,12.1246084,3.5477626,3.9650038,0,1.09954789179016
-2.5405338,12.0847083,3.5754799999999998,3.968043,0,1.1013200177382
-2.6310216,12.0422671,3.6032469000000003,3.9708182,0,1.1034943485982
-2.7202836,11.9973355,3.6310259,3.9732967,0,1.10514188272041
-2.8082685,11.9499376,3.658825,3.9755397,0,1.1055061531569002
-2.8948959,11.9001162,3.6866232,3.9776823,0,1.10634817947147
-2.9801063,11.8479062,3.7144046,3.9796796,0,1.10614358749284
-3.0638501,11.7933388,3.7421776,3.9816404,0,1.10533801531148
-3.1460055,11.7364984,3.7699023,3.9836258,0,1.1050470411303401
-3.2266029,11.6773677,3.7975980000000003,3.9855837,0,1.10327413461594
-3.3055247,11.6160363,3.8252463,3.987663,0,1.1015308925061
-3.3826523,11.5526089,3.8528045,3.9898574,0,1.1002969396989
-3.4581192,11.4869805,3.8803359,3.9921128,0,1.0973248200969599
-3.5316998,11.4193528,3.9077755,3.9946011,0,1.0948682316957001
-3.6033335,11.3498019,3.9351008000000003,3.9972643,0,1.09267857834938
-3.673177,11.2781813,3.9623917,4.0000708,0,1.08915167764348
-3.7409663,11.2047709,3.9895588,4.0031504,0,1.08621242764576
-3.8066864,11.1296131,4.0165993,4.0064366,0,1.0833905370974999
-3.8704872,11.0525436,4.043596900000001,4.0099121,0,1.07972256574714
-3.9321056,10.9738922,4.0704539,4.0136562,0,1.0766211322599
-3.9915367,10.8936971,4.0971767,4.0176049,0,1.073704909525
-4.0489496,10.8117375,4.1238651,4.0217343,0,1.0704143447788201
-4.1040807,10.7283999,4.1504148999999995,4.0260768,0,1.0678182323184
-4.1569049,10.643761,4.1768354,4.0305575,0,1.06568625494775
-4.2076342,10.5574917,4.2031499,4.0351264,0,1.05491681418176
-4.2560318,10.4700371,4.2290028,4.0406434,0,1.02612785645944
-4.3021311,10.3815095,4.2538059,4.0488798,0,0.9825999649351199
-4.3461413,10.2917562,4.2773453,4.0612282,0,0.9257403171543801
-4.3880742,10.2010507,4.2996894,4.0788998,0,0.9039718920257
-4.4279642,10.1094981,4.3216316,4.0982572,0,0.8959650873212001
-4.4658572,10.0170633,4.3434458,4.1178906,0,0.8977042686905999
-4.5017395,9.9237893,4.3652581,4.1036101,0,0.8966264960197
-4.5355666,9.829783,4.3871217,4.0830836,0,0.8965508393288399
-4.5673287,9.7350411,4.4091421,4.061988,0,0.8988342674472001
-4.5969867,9.6396217,4.4313848,4.0406309,0,0.904454820656
-4.6244966,9.5435842,4.4538953,4.0194802,0,0.91236131124898
-4.6498291,9.4469194,4.4767431,3.9986666,0,0.92155229810234
-4.6729377,9.3496569,4.4999775,3.9783394,0,0.93216550048188
-4.6937419,9.2519737,4.5235974,3.9587153,0,0.9448178714773401
-4.7122192,9.1537811,4.5476655,3.9398809,0,0.9581664272611199
-4.7283133,9.055115,4.5722135999999995,3.9219417,0,0.9723670056810001
-4.7419496,8.9561376,4.5972345,3.9050316,0,0.9876566872404
-4.7530791,8.8568616,4.6227556,3.8892491,0,1.00364251004996
-4.7616498,8.7572761,4.6488133000000005,3.8747011,0,1.0203699871957599
-4.7675965,8.657495,4.6754083,3.8615123,0,1.03796910012278
-4.770859,8.5576639,4.702533300000001,3.8497848,0,1.05617344571928
-4.7713841,8.4577268,-1.5529478,3.8396553,0,1.07528087607486
-4.7691106,8.3577729,-1.5246556,3.8312921,0,1.0955464821187
-4.7639872,8.2580197,-1.4958006,3.824807,0,1.1163609533566001
-4.7559538,8.1584141,-1.4663258999999997,3.8203875,0,1.1384151128775
-4.744954,8.0590618,-1.4362236999999998,3.8181725,0,1.1611753661722501
-4.7309487,7.9601343,-1.4056102,3.8176957,0,1.1787215645359699
-4.7138998,7.8616739,-1.3746733999999998,3.8172188,0,1.17878045047468
-4.6938171,7.7637684,-1.3439145,3.8167507,0,1.16943027732594
-4.6707516,7.6665395,-1.3134855,3.8172316,0,1.15548249461372
-4.6447556,7.5700517,-1.2834127999999998,3.8190909,0,1.14246423873504
-4.6158848,7.4743779,-1.2536809,3.8221928,0,1.13073420257592
-4.5842006,7.3796059,-1.2242804999999999,3.8263699,0,1.11983536349574
-4.5497559,7.2857935,-1.1951871,3.831506,0,1.1094914913236
-4.5126126,7.1930218,-1.1663909000000001,3.8375163,0,1.10022858701379
-4.4728322,7.1013642,-1.1378814999999998,3.8442665,0,1.0918009024254
-4.4304545,7.0108462,-1.1096282999999998,3.8516511,0,1.08377334970179
-4.385555,6.9215694,-1.0816282,3.8596116,0,1.07673437418768
-4.3381976,6.8336033,-1.0538697,3.8680328,0,1.07055118321992
-4.2884003,6.7469362,-1.0263111,3.8768163,0,1.0649059991369099
-4.2362526,6.6616853,-0.9989523999999999,3.8858988,0,1.060248058086
-4.1818171,6.577914,-0.9717763000000001,3.8951741,0,1.0564763856207
-4.1251097,6.4956172,-0.9447389999999998,3.9045494,0,1.0536348464912
-4.0662045,6.4148808,-0.9178397,3.9139302,0,1.0504068883203
-4.0051746,6.3357778,-0.8911051999999997,3.9133421,0,1.04263877971878
-3.942053,6.2583157,-0.8646504999999998,3.9022238,0,1.02653304083368
-3.8769035,6.1825239,-0.8385272000000001,3.8891681,0,1.00986994501582
-3.8098284,6.108469,-0.8127485999999999,3.8740532,0,0.99364002164988
-3.7408813,6.0361611,-0.7872626,3.8568547,0,0.9783251349763601
-3.6701031,5.965605,-0.7620165999999999,3.8375887,0,0.96544444727346
-3.5975891,5.8968653,-0.7369729,3.8164365,0,0.95395761247095
-3.5233768,5.8299541,-0.7120579,3.7934737,0,0.94374683599129
-3.4475263,5.7649121,-0.6872042999999999,3.7687525,0,0.9369834777975
-3.3700939,5.7017832,-0.6623511999999998,3.7425593,0,0.9327528147559799
-3.2910912,5.6405844,-0.6373973999999998,3.7150936,0,0.93043999098896
-3.2105861,5.5813865,-0.6122507000000001,3.6864857,0,0.93173271797796
-3.1286559,5.5242723,-0.5868432000000001,3.6570426,0,0.9373969300089
-3.045241,5.4692419,-0.5610353999999997,3.6272198,0,0.9454925136648201
-2.9603791,5.4163781,-0.5346989,3.5975278,0,0.95700499178372
-2.8742814,5.365873,-0.5077894999999999,3.5686325,0,0.975124548266
-2.7867463,5.3176853,-0.4801183,3.5408129,0,0.99583875671082
-2.6977689,5.2719159,-0.45151770000000013,3.5144619,0,1.0201358267892002
-2.6077847,5.2288858,-0.42198970000000013,3.4904714,0,1.05269196762028
-2.5163748,5.188508,-0.3913069,3.4691243,0,1.08721765810869
-2.4235798,5.1509503,-0.3592131999999999,3.4515514,0,1.1317778554207398
-2.3300517,5.1165727,-0.3270621,3.4342569,0,1.0846550937546
-2.2353237,5.0850924,-0.2968135999999999,3.4121435,0,0.95076205334045
-2.1394064,5.0561454,-0.27200579999999985,3.3760698,0,0.7327718988062399
-2.043473,5.0294108,-0.25465229999999983,3.316549,0,0.429818117302
-1.9465937,5.0037654,-0.24592079999999994,3.2229493,0,0.13980799538976998
-1.8498887,4.9786133,-0.24605049999999995,3.0944328,0,-0.13963318566719998
-1.7532524,4.9530184,-0.25473239999999997,2.9833296,0,-0.37960870329168
-1.6568276,4.9261624,-0.2714521999999999,2.8885255,0,-0.59723470975805
-1.5611363,4.8973893,-0.2954246999999999,2.805799,0,-0.7672875429551
-1.4661677,4.8659765,-0.3261145999999999,2.7335843,0,-0.91741631341399
-1.3723855,4.8314307,-0.36223249999999996,2.6691156,0,-1.03636393825644
-1.279795,4.793187,-0.4033844,2.6088072,0,-1.11771161739216
-1.1894181,4.751237,-0.44803760000000015,2.552266,0,-1.1942591142126
-1.1003823,4.704768,-0.4959444999999998,2.4944807,0,-1.21815545338221
-1.0140162,4.6541581,-0.5460655000000001,2.4350833,0,-1.23216602977481
-0.9309858,4.5996969,-0.5967690999999999,2.3728382,0,-1.22825271203364
-0.8496204,4.5401195,-0.6487696999999999,2.3057203,0,-1.1830600133453402
-0.7721391,4.4770097,-0.6995618000000001,2.2287224,0,-1.09805386107144
-0.6983832,4.4107013,-0.7457077000000001,2.1362411,0,-0.9770094398367799
-0.627403,4.3405383,-0.7968897999999998,2.031924,0,-1.1465017382256
-0.5604559,4.2662908,-0.8620847999999999,1.9491486,0,-1.4652221720161198
-0.4993409,4.1873182,-0.9473097999999998,1.8934787,0,-1.8136723597524
-0.4460505,4.1028592,-1.0534141999999997,1.8684082,0,-2.15824147204942
-0.4028581,4.0128431,-1.1775943999999998,1.8681748,0,-2.40876816824104
-0.3714927,3.9181069,-1.3061807,1.8679415,0,-2.40097186940965
-0.3524618,3.8201931,-1.4325084000000001,1.8685172,0,-2.33999323156236
-0.3457816,3.7203982,-1.5566798,1.8751008,0,-2.31362424875328
-0.3514587,3.6205878,4.6029678999999994,1.8834666,0,-2.33387710760406
-0.3693711,3.5223274,4.480225900000001,1.8887536,0,-2.2769236292344
-0.3986824,3.4269267,4.3723027000000005,1.8990423,0,-1.70596306117863
-0.4363427,3.3347491,4.3013321,1.9640131,0,-1.0118536570807
-0.4791341,3.2450353,4.2494486,2.0877208,0,-1.2255213376912002
-0.5270041,3.1579979,4.1863307,2.1784196,0,-1.4875120396639998
-0.5807802,3.0741287,4.1159058,2.2351884,0,-1.6174091485008002
-0.6408438,2.9938558,4.0423282,2.2741271,0,-1.67189162431445
-0.7070986,2.9177641,3.9679328000000003,2.3043105,0,-1.7051266318923
-0.7776352,2.8478904,3.8951803000000003,2.3286506,0,-1.6991045675912
-0.8536043,2.7828687,3.8224281,2.3515653,0,-1.69181836991055
-0.9345183,2.7231752,3.7504589,2.3733356,0,-1.6921327467469598
-1.0186224,2.6699043,3.6807286,2.3933341,0,-1.65257757071038
-1.106662,2.6223094,3.612442,2.4156796,0,-1.6128685852213598
-1.1976888,2.5807013,3.5470904,2.4402319,0,-1.5621735043969802
-1.2909687,2.5450634,3.4851138,2.4679417,0,-1.47785260199983
-1.3864119,2.5150152,3.4271509,2.5019284,0,-1.3921250018707203
-1.4832591,2.4903374,3.3743677,2.541917,0,-1.2737823155953
-1.5812695,2.4705364,3.3267401000000003,2.5907497,0,-1.16966467953181
-1.6799384,2.4551967,3.284148,2.6465151,0,-1.06267743882984
-1.7792694,2.4438192,3.2462923000000004,2.7091662,0,-0.96385848130416
-1.878848,2.4359867,3.2130558000000002,2.7776314,0,-0.86052881785038
-1.9786615,2.4312378,3.1843868,2.8521871,0,-0.7526245788557301
-2.0785664,2.4291217,3.1603339999999998,2.9331363,0,-0.63770988185991
-2.1784709,2.429176,3.1409538,3.0210392,0,-0.51488719080496
-2.2783941,2.4309299,3.1263488,3.1165514,0,-0.37958785748636004
-2.3782701,2.4338996,3.1165796,3.2207774,0,-0.24061236267761998
-2.4781307,2.4376163,3.1113565000000003,3.3238937,0,-0.09912715225762
-2.5779703,2.44165,3.1098849,3.4223762,0,-0.01085714625688
-2.6778225,2.4457162,3.1106702000000004,3.5166804,0,0.06366211361316
-2.7776691,2.4496061,3.1133278,3.6071922,0,0.12653164511472
-2.8775421,2.4531458,3.1177149,3.6942421,0,0.19688869638581
-2.9774375,2.4561533,3.1240050999999998,3.7781153,0,0.27428399236093
-3.0773334,2.4584578,3.1315061,3.8590606,0,0.2952200654303
-3.1772308,2.4600005,3.1391156000000002,3.9372958,0,0.26854365376858
-3.2771473,2.4608822,3.144278,4.0130134,0,0.140997225809
-3.3770414,2.4614126,3.1461539,4.0665877,0,0.010473496621350002
-3.4770434,2.4619175,3.1448063,3.9656992,0,-0.1172637424944
-3.5769505,2.4627204,3.140143,3.8749232,0,-0.24712942695712
-3.6769084,2.464161,3.1320701,3.7936469,0,-0.36889877693228
-3.7768089,2.4665714,3.1207333999999998,3.7212834,0,-0.48273679075488
-3.8767172,2.4702772,3.1061983,3.6571488,0,-0.58762116059712
-3.9764745,2.4755831,3.0886025000000004,3.6010924,0,-0.68880507066708
-4.0762,2.4827979,3.0680825,3.5522585,0,-0.7792042423641001
-4.1757109,2.4921943,3.0447708,3.5102674,0,-0.8636275781546
-4.2748634,2.5040221,3.0189431,3.4748749,0,-0.9433805820763801
-4.373853,2.518559,2.9906744,3.4449837,0,-1.0101377760156298
-4.4721999,2.5359609,2.9602985000000004,3.4205091,0,-1.07407816710192
-4.5700231,2.5564515,2.928038,3.4006717,0,-1.12842856698684
-4.6671895,2.5801925,2.8940361,3.3847415,0,-1.1739393717212
-4.7632247,2.6072162,2.8587126,3.3726731,0,-1.2174857480727401
-4.8585375,2.6377799,2.8220946,3.3632755,0,-1.24801299407785
-4.9525561,2.6718264,2.7844829,3.3562695,0,-1.2747883502985
-5.0448826,2.709278,2.7462491,3.3516626,0,-1.30067400735558
-5.1362703,2.7505354,2.707147,3.3482195,0,-1.3137107512395
-5.2257151,2.7952262,2.6676477,3.3459806,0,-1.3266675893795399
-5.3129442,2.8432132,2.627996,3.3449649,0,-1.33932126998808
-5.398829,2.8950328,2.5878047000000004,3.34424,0,-1.342522741592
-5.4823679,2.950138,2.5475406,3.3437576,0,-1.345143526116
-5.563309,3.0083288,2.5074084,3.34334,0,-1.3459594768619998
-5.6419187,3.0697735,2.4673113,3.3429223,0,-1.3413074578074
-5.7183748,3.1346409,2.4271538,3.3429864,0,-1.3350249618264
-5.7919583,3.2023125,2.3872976,3.3436757,0,-1.33392431192015
-5.8626385,3.2727066,2.3476237,3.3444471,0,-1.31906063847072
-5.9304567,3.345766,2.3091694,3.3466721,0,-1.2291597048782201
-5.9956507,3.4212734,2.2767589,3.3577737,0,-0.93726511042473
-6.0588261,3.4986997,2.2536784,3.3973837,0,-0.60980897063269
-6.1203366,3.5770973,2.2369198,3.4676571,0,-0.57972915576078
-6.1804485,3.6564579,2.2187332,3.5382535,0,-0.7478211996362
-6.2390221,3.7372456,2.1951277,3.5560449,0,-0.92231287427952
-6.2957009,3.8198254,2.1673001000000003,3.5325097,0,-1.04199816299683
-6.3500251,3.9042096,2.1361935,3.5180094,0,-1.1381281074391199
-6.4010804,3.9894179,2.1031579000000002,3.5089804,0,-1.19634160153284
-6.4494973,4.0768185,2.0684143,3.5037178,0,-1.2360275506128
-6.4950485,4.1663735,2.0324993,3.5013377,0,-1.2657748943348601
-6.5369629,4.2567028,1.9963416,3.5001211,0,-1.27786761268964
-6.5756857,4.3487934,1.9597209,3.499364,0,-1.2827457644056
-6.6111894,4.4427457,1.9228636000000001,3.498927,0,-1.2861086449221002
-6.6429342,4.5370692,1.8864882,3.4984899,0,-1.27316414712618
-6.6713832,4.6329931,1.8502036,3.4993624,0,-1.25947231832352
-6.6963622,4.7298882,1.8144921,3.5015704,0,-1.24056542434632
-6.7178379,4.8273249,1.7795426,3.5055848,0,-1.21081426646384
-6.7360087,4.9258468,1.7453672,3.5124204,0,-1.18186483606464
-6.7507993,5.0245064,1.7124616000000001,3.5218923,0,-1.13943816800823
-6.7624215,5.1238317,1.6807272,3.5352459,0,-1.09529129883636
-6.7709596,5.2234391,1.6505501,3.5525104,0,-1.04503274784096
-6.7765635,5.3231704,1.6220233000000002,3.5741531,0,-0.98658456006761
-6.7794176,5.4232051,1.5953277000000001,3.6008338,0,-0.9279888827670002
-6.779697,5.5230391,1.5706023,3.6323956,0,-0.86367579153068
-6.7776001,5.6230193,1.5477615,3.6692467,0,-0.80704640856896
-6.7733056,5.7228478,1.5264831,3.7104642,0,-0.76473335045556
-6.766952,5.8226157,1.5065459,3.7545136,0,-0.7233295721216
-6.7586813,5.9222049,1.4879565000000001,3.8012438,0,-0.68231413911488
-6.7486202,6.0216883,1.4707009,3.8505653,0,-0.63668096088522
-6.736931,6.1208673,1.454898,3.9028899,0,-0.5900467008618
-6.7237208,6.2200493,1.4405292,3.9582652,0,-0.53861460386568
-6.7091844,6.3188911,1.4276802000000002,4.0171166,0,-0.48639569162127994
-6.6934419,6.4176217,1.4163377000000001,4.0794683,0,-0.4316689381645
-6.6766498,6.5162142,1.4065135,4.1455192,0,-0.37616151034455997
-6.6590069,6.6144152,1.3982089,4.2132574,0,-0.31885005086572
-6.6405452,6.712884,1.3913603,4.2783253,0,-0.2612944393722
-6.6215672,6.8108035,1.3860103000000001,4.3409047,0,-0.20066873792878
-6.6020752,6.9089473,1.3821297000000001,4.4011587,0,-0.13716915273941999
-6.5823008,7.0069133,1.3797650000000001,4.459234,0,-0.0745713242586
-6.5624109,7.1046117,1.3787858000000002,4.5152633,0,-0.01255920486895
-6.5424004,7.2027523,1.3791461,4.5693668,0,0.045399400778079996
-6.5225549,7.3005815,1.3807797000000002,4.6105875,0,0.1035353529
-6.5029142,7.3985255,1.3836052,4.5269313,0,0.15483463125389998
-6.4835818,7.4966677,1.3875886,4.4460521,0,0.20097933912840002
-6.4647383,7.5946606,1.3926403,4.3676456,0,0.24411339052328002
-6.4464068,7.6929424,1.3987224,4.2912228,0,0.2824504303074
-6.4287244,7.791329,1.4057856000000002,4.2164358,0,0.31749845902716
-6.411809,7.8896926,1.4137613,4.1429936,0,0.34990646767264
-6.3956949,7.9883699,1.4226388,4.0705337,0,0.37904158529008003
-6.3805075,8.0871427,1.4323702,3.9988064,0,0.40612757535808003
-6.3663348,8.1859814,1.4429227,3.9275578,0,0.4312144259776
-6.353233,8.2850754,1.4543065,3.8565802,0,0.45485548155454
-6.3413049,8.3842771,1.4664978,3.7857115,0,0.477597791417
-6.33063,8.4836004,1.4795072,3.7147476,0,0.49911905965739994
-6.3212871,8.5830886,1.4933673,3.6436239,0,0.5209143344874001
-6.3133689,8.6826706,1.5080897,3.5722721,0,0.54302572587473
-6.3069611,8.7824015,1.5237362,3.5005274,0,0.5645965638186
-6.3021639,8.8821939,1.5403641000000001,3.4284334,0,0.5878151917301999
-6.2990783,8.9820171,1.55802,3.3560051,0,0.61246992394847
-6.2978116,9.0819863,1.5768296000000002,3.2831996,0,0.6380822909009201
-6.2984894,9.1818746,1.5969876,3.2106349,0,0.67125097024139
-6.3012563,9.281688,1.6188037000000002,3.140016,0,0.7224159450816001
-6.3063261,9.3815908,1.6429961,3.0720472,0,0.78097952564064
-6.3139229,9.4811447,1.6697928000000002,3.0076791,0,0.8489114106168
-6.3243242,9.5804578,1.699411,2.9472425,0,0.9195505647972501
-6.3378528,9.6796576,1.7321725000000001,2.890799,0,0.9899376399957
-6.3547067,9.7779411,1.7680638000000002,2.8395017,0,1.07036947442656
-6.3752839,9.875704,1.8074342,2.7937888,0,1.15302122310144
-6.3999254,9.9727241,1.8506342,2.7542616,0,1.2388911051820801
-6.4287627,10.0680684,1.8974665000000002,2.722348,0,1.3351597869816
-6.4623968,10.1623595,1.9483569,2.6959878,0,1.40744285737902
-6.5007926,10.2545232,2.0014569,2.6723099,0,1.44928505176858
-6.5441851,10.3446029,2.0565965,2.6499034,0,1.47632001199548
-6.5925843,10.4322154,2.113061,2.628978,0,1.504745508882
-6.6458215,10.5167985,2.1705071,2.6080479,0,1.5040844355563099
-6.703898,10.598232,2.2286929,2.5855755,0,1.5117198041172002
-6.7666469,10.6761602,2.2871567,2.5625995,0,1.5019810810619
-6.8339414,10.7503559,2.3462128,2.537061,0,1.4944184872533002
-6.905133,10.8201078,2.4051286000000003,2.5088844,0,1.49545015145592
-6.981123,10.8861641,2.4653085,2.4789805,0,1.48454119089575
-7.0601498,10.9469161,2.5257666,2.4455017,0,1.4968395013837898
-7.1430116,11.0029144,2.5874529,2.4107681,0,1.50939082725197
-7.230013,11.054055,2.6514583,2.3747305,0,1.5157211360194
-7.3191855,11.0990325,2.715981,2.3367821,0,1.50201833765941
-7.4104803,11.1380129,2.7776904,2.2963966,0,1.3485327244287602
-7.5040861,11.17184,2.8263625,2.2423865,0,0.764734522414
-7.5982529,11.2027529,2.8317872,2.1191755,0,-0.14412258274439999
-7.6922694,11.2333807,2.8485252,1.9887524,0,0.9172836053406801
-7.7883222,11.2600509,2.9191764,1.9377237,0,1.8073710889773
-7.8866387,11.27794,3.0260873000000004,1.9274399,0,2.2339288645386497
-7.9865679,11.2844085,3.1471970000000002,1.9271992,0,2.3349947434399203
-8.0867371,11.2787245,3.267182,1.9269584,0,2.24101812664464
-8.1855254,11.2614809,3.3783818,1.9361163,0,2.05973906825967
-8.2810947,11.234154,3.4782882,1.9621316,0,1.8643589747983198
-8.3741092,11.1977154,3.5682261000000004,2.00431,0,1.68920240335
-8.4640613,11.1533781,3.6475734,2.0588745,0,1.5174471255487498
-8.5501706,11.1027379,3.7153945,2.1243513,0,1.32811277992563
-8.6328505,11.0469106,3.7718477,2.2016434,0,1.1006530541155601
-8.7128589,10.9868488,3.8157077,2.2937059,0,0.89126805401008
-8.7903653,10.9237688,3.8509797,2.398035,0,0.7614259916280001
-8.8656026,10.8584534,3.8794720000000003,2.5067072,0,0.6450138645094401
-8.9396317,10.7907629,3.9026395000000003,2.6188243,0,0.5293387656401201
-9.0119049,10.7219613,3.9194449000000002,2.7347483,0,0.37194327118912
-9.083379,10.6520426,3.9298453,2.8588572,0,0.2015494326
-9.154502,10.5814751,3.9336166,2.980712,0,0.016145026548
-9.2253353,10.5111218,3.9308799,3.0957824,0,-0.18617911522304
-9.2967693,10.4410195,3.9216269,3.2049055,0,-0.39557796046895
-9.3689735,10.3718863,3.9063116,3.2951196,0,-0.60453318619872
-9.4425593,10.3039707,3.8850965,3.2328738,0,-0.7671069637475401
-9.5173947,10.2381219,3.8588137000000002,3.184337,0,-0.9277432107346
-9.594694,10.1739656,3.8276328,3.1451482,0,-1.04010459843266
-9.6737034,10.112704,3.7923753000000002,3.1153019,0,-1.14827629251537
-9.7547001,10.0545393,3.7542951,3.0924351,0,-1.22935799083572
-9.8387742,9.9990845,3.7132335,3.0733442,0,-1.2764099417704602
-9.9242621,9.9476821,3.6709165,3.0541623,0,-1.2812241390123
-10.0112019,9.9001784,3.6316348,3.0360141,0,-1.12424786168499
-10.1011867,9.8553917,3.5931308,3.0044229,0,-1.1837555416184697
-10.1921148,9.8145634,3.5511155,2.9946152,0,-1.4081354458820001
-10.2847522,9.7780407,3.5010289,2.9942412,0,-1.50288481373412
-10.3791851,9.7461156,3.4533679,2.9938672,0,-1.36995860247376
-10.475164,9.7184806,3.4095998,3.0067676,0,-1.2653283874516799
-10.5723096,9.6949278,3.3678561,3.0294203,0,-1.24833958480363
-10.6700054,9.6754826,3.3265637000000003,3.0526458,0,-1.2738645133713
-10.7685394,9.6600969,3.2847150000000003,3.0722146,0,-1.2996874832286802
-10.8679108,9.6488528,3.2421496000000003,3.0882828,0,-1.3202986478883598
-10.9679964,9.6418506,3.1990842,3.1015413,0,-1.3351756908461399
-11.0675968,9.6391732,3.1562784,3.1126974,0,-1.3360304216793
-11.1673929,9.6407608,3.1135834,3.1232492,0,-1.32725816630644
-11.2673985,9.6466109,3.0712249,3.134187,0,-1.3146350505687
-11.366883,9.656632,3.0297148,3.1458797,0,-1.29497778440725
-11.4656479,9.6706941,2.9892764,3.1589965,0,-1.25550809406385
-11.564082,9.6887246,2.9502389,3.1754469,0,-1.21229512618335
-11.6616662,9.7104783,2.9129779,3.1954559,0,-1.16293920160327
-11.7582001,9.7357118,2.8775873,3.2194806,0,-1.11099381895488
-11.8541045,9.7643492,2.8439592,3.2476105,0,-1.05962288443585
-11.9488307,9.7960331,2.8124157,3.2796256,0,-1.00236148304224
-12.0425273,9.8305857,2.7829508,3.3159637,0,-0.9405522129336901
-12.1354608,9.8678852,2.7556577,3.3569198,0,-0.8775659741159999
-12.2270449,9.9074465,2.7308352,3.4024545,0,-0.80459032420575
-12.3178544,9.9492452,2.7084243,3.4534106,0,-0.7286717086463601
-12.4078094,9.9929736,2.6886559,3.5099161,0,-0.6476595465370799
-12.4967742,10.0382644,2.6716345,3.5723213,0,-0.5577072290347
-12.5852127,10.0850396,2.6574288,3.6413573,0,-0.46423591390554
-12.6728959,10.1328525,2.6462307000000003,3.7172157,0,-0.36031826739711
-12.7601736,10.181547,2.6380572,3.8002744,0,-0.25192057000344004
-12.8471754,10.2308466,2.632975,3.8804667,0,-0.13764248212902
-12.9338946,10.2803876,2.6311294,3.9580034,0,-0.00382303548406
-13.0207272,10.3300051,2.6327495,4.0330707,0,0.12553940821425
-13.1076339,10.3793226,2.63685,4.105432,0,0.20921979395440002
-13.1948529,10.4282333,2.642842,4.1257234,0,0.27559089681788
-13.2823243,10.4765224,2.6501101,4.0467246,0,0.31881836490378
-13.3702954,10.5241854,2.6586508,3.9702848,0,0.36609360895231996
-13.4585264,10.5709418,2.6685708000000004,3.8964767,0,0.41417365294048
-13.5474498,10.6168638,2.679836,3.8246023,0,0.45537474300858005
-13.636846,10.6616889,2.692396,3.7542865,0,0.49308986605325
-13.7266017,10.7052298,2.7060722999999998,3.6851681,0,0.5275694022296199
-13.8174402,10.7477047,2.7208947,3.6159552,0,0.54976874382144
-13.9084401,10.788579,2.73652,3.5461646,0,0.56814911600546
-14.0002972,10.8280884,2.7527543000000003,3.474996,0,0.572486478522
-14.092984,10.8661588,2.7693802,3.4016588,0,0.56384501588692
-14.1857124,10.9024637,2.7858445,3.324616,0,0.5447752348376
-14.2794374,10.9374106,2.8018005,3.2425522,0,0.50186698952066
-14.3738,10.9709401,2.8168073,3.1525475,0,0.4570733603064999
-14.468158,11.0029388,2.830689,3.0538292,0,0.40574793280675997
-14.5629511,11.0336987,2.8430315000000004,2.9450262,0,0.3343812197742
-14.6582802,11.0633021,2.8575026,2.8388603,0,0.5064347927001099
-14.7539804,11.0911591,2.8789707,2.7479287,0,0.71603190325205
-14.8507504,11.1166189,2.9095466,2.673052,0,0.9270312738276001
-14.9482772,11.138704,2.9478555,2.6104951,0,1.0935729443214
-15.0464476,11.1566582,2.9930929,2.5596501,0,1.2473968428831
-15.1455948,11.1698424,3.0451783,2.5201727,0,1.3906013058048698
-15.2453603,11.177537,3.1035249,2.4929004,0,1.53383873823312
-15.3452188,11.17911,3.1673891000000003,2.4754803,0,1.64598794444298
-15.4450731,11.1740488,3.2359896,2.4641533,0,1.71565737134246
-15.5442624,11.1620636,3.3063968,2.4555339,0,1.7492589975853798
-15.6424052,11.1430599,3.377819,2.4470013,0,1.75651063306821
-15.7389707,11.1170544,3.4499729,2.4385443,0,1.7636361974307602
-15.8332715,11.0841815,3.5226032,2.430523,0,1.7740912369967998
-15.9249484,11.0445198,3.5956925,2.4225013,0,1.78020729957229
-16.0136657,10.9981347,3.6694199000000003,2.4145608,0,1.7797628659807199
-16.0985738,10.9454247,3.7433651,2.4059452,0,1.78095425896312
-16.1791327,10.8867499,3.8173031,2.396768,0,1.7833545373951998
-16.2554593,10.8219743,3.891729,2.3872712,0,1.77703789076448
-16.326783,10.7516609,3.9663777000000002,2.3764209,0,1.7700792461438097
-16.3925323,10.6763809,4.0409989,2.3640009,0,1.7647496026587302
-16.4523642,10.5965763,4.115583,2.3500599,0,1.7598804270853803
-16.5060044,10.5126475,4.1902699000000005,2.334532,0,1.7541874217751998
-16.5533611,10.4246378,4.265712300000001,2.3170705,0,1.7546238800018
-16.5939322,10.3332125,4.34252,2.2999232,0,1.78723053004864
-16.6271984,10.2390391,4.4224234,2.2924502,0,1.8909273182249802
-16.6525879,10.1425616,4.5066711999999995,2.2921639,0,1.9632104159504198
-16.6697946,10.044345,4.5874249,2.2918776,0,1.6814850474206398
-16.6797276,9.9452772,4.6539245000000005,2.3196012,0,1.40187093379032
-16.6835241,9.8460023,4.7138463,2.3724833,0,1.5107430355724298
-16.6810797,9.7465064,-1.5039089999999997,2.4104567,0,1.64707374075412
-16.6718262,9.6468162,-1.4338085999999999,2.4320232,0,1.71386109797688
-16.655458,9.5474841,-1.3626668999999998,2.4453187,0,1.7282106513347502
-16.632348,9.4505176,-1.292704,2.4561854,0,1.7183335512017597
-16.6025496,9.3554056,-1.2235774,2.4672235,0,1.68662137078085
-16.5660376,9.2618647,-1.1555233,2.4805987,0,1.65827154885455
-16.523586,9.1714624,-1.0899929999999998,2.4958121,0,1.6124278929661402
-16.4754251,9.0840316,-1.0267190999999998,2.5144766,0,1.5530858334598199
-16.421662,8.9992994,-0.9660788999999999,2.5376941,0,1.49856216516492
-16.3634009,8.9184219,-0.9092276999999997,2.5646848,0,1.4149699450624
-16.3005399,8.8405923,-0.8557996999999999,2.5980866,0,1.3309077929143598
-16.2337857,8.766099,-0.8067848999999998,2.6375483,0,1.2368197217127401
-16.1637107,8.6949039,-0.7622995000000001,2.6837134,0,1.1271743884236998
-16.0906007,8.6266171,-0.7226911999999999,2.7377568,0,1.01493463027968
-16.015108,8.5611493,-0.6887140999999999,2.7995487,0,0.86726183344281
-15.9375935,8.4980309,-0.6604964999999998,2.8722187,0,0.7460154368226299
-15.8584988,8.4369772,-0.6364969,2.9527462,0,0.6513492370042
-15.7780718,8.3776981,-0.6157455999999999,3.0383421,0,0.60465863831574
-15.6964718,8.3200227,-0.5966811999999999,3.1243266,0,0.56998621083834
-15.6138512,8.2638552,-0.5793098999999997,3.2097411,0,0.53067548333808
-15.530279,8.2090376,-0.5636229999999998,3.2952711,0,0.49098616714091997
-15.4459068,8.1554761,-0.5494841999999998,3.381141,0,0.45314964590069995
-15.3607969,8.1030325,-0.5368320999999998,3.4673355,0,0.41281229629125
-15.2751242,8.0516388,-0.5256734000000001,3.5542533,0,0.37097660988882
-15.1888101,8.001077,-0.5159748,3.6421714,0,0.32630468524598
-15.1021127,7.9513287,-0.5077466999999998,3.7279274,0,0.2798629657728
-15.0150689,7.9022461,-0.5009655,3.8106095,0,0.2310883161523
-14.9275671,7.8536066,-0.49545799999999973,3.8904535,0,0.19767744374315
-14.8402065,7.8056249,-0.49077689999999974,3.9676669,0,0.17575613743599
-14.7520669,7.7577619,-0.4854911999999998,4.042433,0,0.248298362159
-14.6639025,7.7105894,-0.47827410000000015,4.1143999,0,0.35662301725232004
-14.5756432,7.6643521,-0.4678442999999999,4.1833933,0,0.5172100655915299
-14.4862206,7.6189116,-0.45333599999999974,4.2383187,0,0.70426997491851
-14.3966659,7.5752568,-0.4348942,4.2733669,0,0.8251482607512101
-14.3061775,7.5332554,-0.41596299999999986,4.2955483,0,0.7967039342976
-14.2147016,7.492839,-0.39783250000000003,4.320014,0,0.766167442942
-14.122665,7.4541084,-0.3805588,4.3469211,0,0.7301884166121301
-14.0300004,7.4169279,-0.3643825999999999,4.3767574,0,0.6815066454569599
-13.9366769,7.3811587,-0.3494423999999998,4.4107202,0,0.6313791591093001
-13.8429038,7.3467464,-0.3358025,4.4488637,0,0.5778362128108
-13.7486444,7.3135366,-0.3235064999999999,4.4914401,0,0.52169603851134
-13.654051,7.2814391,-0.3125662,4.5386191,0,0.46685506875948
-13.5591278,7.2503139,-0.30294619999999983,4.5901866,0,0.41263252931370004
-13.4638529,7.2200185,-0.29459159999999995,4.6417862,0,0.35906026553618003
-13.3684135,7.1904823,-0.28745350000000003,4.6917069,0,0.30766665586923
-13.2727946,7.161576,-0.28146729999999986,4.7400373,0,0.25805426666422
-13.1769352,7.1331656,-0.27656079999999994,4.7868592,0,0.20981330428112
-13.0810015,7.1051903,-0.27268249999999994,4.8322479,0,0.16348412772800996
-12.985007,7.0775495,-0.26978389999999997,4.8762729,0,0.11846124806885999
-12.8888692,7.0501202,-0.2678193999999998,4.9189987,0,0.07408848271979002
-12.7927245,7.0228456,-0.26676330000000004,4.9604855,0,0.030263922035499997
-12.6965977,6.9956395,-0.2665964999999999,5.000789,0,-0.01375216975
-12.6004198,6.9683905,-0.26731019999999983,5.039969,0,-0.058231297829100005
-12.5042992,6.9410376,-0.2689081,5.0784517,0,-0.10363799522257999
-12.4082638,6.9134971,-0.2713957,5.1162596,0,-0.15061398498268
-12.3122643,6.885661,-0.27479129999999996,5.0826039,0,-0.19606246196327998
-12.2163944,6.8574611,-0.27911449999999993,5.0167989,0,-0.24043359904173003
-12.1206946,6.8288124,-0.284378,4.954286,0,-0.2849898524354
-12.0251051,6.7995972,-0.29060719999999995,4.8950205,0,-0.32876524084560005
-11.9297484,6.7697516,-0.2978061999999999,4.8389861,0,-0.37201738017911995
-11.834671,6.7391898,-0.30596939999999995,4.7861681,0,-0.41473103820120005
-11.7397509,6.7077697,-0.3151104,4.7363865,0,-0.45523447297695
-11.6452451,6.6754767,-0.32515919999999987,4.6893442,0,-0.49237457591811995
-11.5511049,6.6422026,-0.33607569999999987,4.6449756,0,-0.5284820988900001
-11.4571289,6.6077798,-0.3478865,4.6029968,0,-0.5613837912263999
-11.363957,6.5723631,-0.36028939999999987,4.5617064,0,-0.57711607412448
-11.2710793,6.5357171,-0.3727703,4.5201724,0,-0.53030526991628
-11.1783167,6.4978577,-0.3834685,4.4731166,0,-0.43149606163738
-11.0864429,6.4593193,-0.39219959999999987,4.4149333,0,-0.35049360780706007
-10.9943553,6.4198281,-0.39938339999999983,4.3471502,0,-0.27895054232372
-10.9028616,6.3798936,-0.4050674999999999,4.2704501,0,-0.21306599388431
-10.8114412,6.3394465,-0.4093886999999998,4.1851141,0,-0.15400006204911
-10.7200704,6.2986178,-0.4124577999999999,4.091524,0,-0.10086547710519998
-10.6290087,6.2576518,-0.41451360000000004,3.9899396,0,-0.06884920075572
-10.5378182,6.2164382,-0.4159352999999999,3.882166,0,-0.0513994896234
-10.4468568,6.1751583,-0.4179294,3.7741509,0,-0.10067434301223
-10.355911,6.1335918,-0.42133049999999983,3.6685167,0,-0.15894839102258998
-10.2651967,6.0916515,-0.4267533000000001,3.5666988,0,-0.23270355648792
-10.1747119,6.0490906,-0.4347167999999999,3.4719098,0,-0.33896359534694004
-10.0847579,6.0057007,-0.44638409999999995,3.3858468,0,-0.46112389304687995
-9.9952317,5.9610055,-0.4619295000000001,3.3081509,0,-0.57778575706968
-9.9066757,5.9148448,-0.48133500000000007,3.238558,0,-0.6896632326204
-9.8189778,5.8667366,-0.5043058999999999,3.1754606,0,-0.78340391259936
-9.7325396,5.8165066,-0.5306348000000001,3.1179837,0,-0.86667069587319
-9.6476612,5.7639776,-0.5598017,3.0653642,0,-0.94076762985408
-9.5641464,5.7086864,-0.5917651999999998,3.0157796,0,-0.99565390495876
-9.4828687,5.6509286,-0.6258608999999997,2.9690166,0,-1.0477258764158999
-9.4033171,5.5900759,-0.6620062,2.9231013,0,-1.0800362376279
-9.3261868,5.5264193,-0.6997991999999997,2.8772342,0,-1.10495230608176
-9.2518706,5.4601366,-0.7386528000000001,2.8307019,0,-1.12377874684335
-9.1796394,5.390388,-0.7788710999999999,2.7835513,0,-1.1241204911972
-9.1106806,5.3181848,-0.8195912999999999,2.7337413,0,-1.12103130912186
-9.0448714,5.2433833,-0.8605798999999998,2.6807237,0,-1.10773159611007
-8.9817138,5.1653236,-0.9020549999999998,2.6231644,0,-1.08104749523752
-8.9221636,5.0851726,-0.9431137999999999,2.559173,0,-1.0486602920969
-8.8661856,5.0030318,-0.9835891000000001,2.4875541,0,-1.00619722554966
-8.8131457,4.9180046,-1.0240850999999997,2.4063049,0,-0.9675241866261199
-8.7637112,4.8311332,-1.0646461,2.3144505,0,-0.95869747223625
-8.7180584,4.742585,-1.1070129999999998,2.2135809,0,-0.9892798516264202
-8.6763482,4.6520028,-1.1539696999999998,2.110631,0,-1.0793659291819
-8.6393347,4.5591589,-1.2131374,2.0255742,0,-1.35509779658448
-8.6086269,4.4641516,-1.2873156,1.9570148,0,-1.60378223946512
-8.585743,4.3667591,-1.376465,1.9024128,0,-1.8135568053503999
-8.5722639,4.2676471,-1.4784961,1.8611236,0,-2.00246030398176
-8.5695204,4.1678752,4.6913997,1.8350558,0,-2.19182441254672
-8.5786304,4.0683416,4.5675938,1.8241076,0,-2.3593536689604
-8.6005029,3.9705504,4.4347243,1.8238798,0,-2.46726780810042
-8.6353515,3.8766394,4.2986276,1.823652,0,-2.40440765679
-8.6822303,3.7882305,4.1712612,1.8297266,0,-2.2091430991198404
-8.7392559,3.706285,4.0587243,1.8543393,0,-1.9261198471333498
-8.8041478,3.630832,3.9681193,1.9034839,0,-1.49129930862942
-8.8740702,3.5610886,3.9071269,1.9885632,0,-0.88570624813632
-8.9471386,3.494908,3.8605182,2.1214997,0,-1.4718319982691201
-9.0247728,3.4331732,3.7825666,2.1851655,0,-1.82564612023185
-9.1082501,3.3773813,3.6972891,2.2081252,0,-1.85860128290452
-9.1972061,3.3283292,3.6122237,2.2256997,0,-1.8550383490610998
-9.2875255,3.2879116,3.5312635,2.24203,0,-1.8194324557360002
-9.3820938,3.2544922,3.4498538,2.2604292,0,-1.81735026619032
-9.4793552,3.2287571,3.3689991,2.2774133,0,-1.8414954421776402
-9.5773624,3.2111173,3.2890148000000003,2.2905249,0,-1.8246314481825299
-9.6772348,3.2012756,3.2089831,2.3041867,0,-1.83036227250279
-9.7770002,3.1993754,3.1311339,2.31612,0,-1.7792572807200002
-9.8768813,3.2051543,3.0553694,2.3321287,0,-1.7175451558177002
-9.9759594,3.218247,2.984267,2.3529322,0,-1.61833570837866
-10.0739474,3.2381142,2.9183861,2.3818574,0,-1.4818816324681199
-10.1704478,3.2640196,2.8598795,2.4219346,0,-1.3319598868122002
-10.2655641,3.2952235,2.8092601999999998,2.4736495,0,-1.1366463978191002
-10.3589023,3.3306745,2.7678415000000003,2.5406391,0,-0.94304559995004
-10.4511872,3.3697087,2.7348435,2.621785,0,-0.7532181183985
-10.5420382,3.4112597,2.7099389,2.7160146,0,-0.6083315921007
-10.6318802,3.4548229,2.6892591,2.8185194,0,-0.53436675712122
-10.7210857,3.5001969,2.6715752999999998,2.9224012,0,-0.4916764674928
-10.8090429,3.5468115,2.6556166,3.0249789,0,-0.46069823651219993
-10.8969012,3.5951045,2.6410298,3.1255498,0,-0.43269642598729996
-10.9837257,3.6444066,2.6279250000000003,3.2242369,0,-0.4022042078536
-11.0698767,3.6947552,2.6161073000000004,3.3216418,0,-0.37170234667376
-11.1557396,3.7462346,2.6054892,3.4180644,0,-0.34351000329696
-11.2407865,3.7983922,2.5960379,3.5125468,0,-0.31381409240412
-11.3255089,3.8513979,2.5876033,3.6032208,0,-0.28575090328944
-11.4098604,3.9051076,2.5801487,3.690419,0,-0.2588969164422
-11.493652,3.9592893,2.5735967,3.7744288,0,-0.23166198412896
-11.5772611,4.0140841,2.5678444000000002,3.8555001,0,-0.20670569796132
-11.6605644,4.0693195,2.5628564000000003,3.9338522,0,-0.18282145375758
-11.7435137,4.1248761,2.5585623,4.0096786,0,-0.15914173782684
-11.8263292,4.1808208,2.5548978,4.0830329,0,-0.13716908197220998
-11.9089425,4.2370343,2.5518331,4.1533099,0,-0.11585907164643999
-11.9913671,4.2934559,2.5493247,4.2207368,0,-0.09455632238304
-12.0736976,4.3500844,2.547345,4.2855148,0,-0.07372842517068
-12.1559027,4.4068353,2.5458834,4.3478237,0,-0.05256388418589
-12.2380635,4.4637022,2.5449299,4.4078246,0,-0.030702261468839996
-12.3202003,4.520637,2.5444938,4.4656624,0,-0.00792699732624
-12.4022495,4.5775322,2.5445878,4.5214684,0,0.01679544651864
-12.484403,4.6344547,2.5452362,4.5753615,0,0.04306559011875
-12.5666263,4.6913108,2.5464816,4.6274503,0,0.07154038163799999
-12.6487976,4.7479426,2.5483536,4.6778338,0,0.10374125574936001
-12.7312488,4.8044986,2.5509097,4.5981536,0,0.1343097675792
-12.8138416,4.8607972,2.5542155,4.5153854,0,0.16639240352854
-12.8964888,4.9166874,2.5583065,4.4342785,0,0.20131225304934997
-12.9796375,4.9723691,2.5632787,4.3547964,0,0.2361584313738
-13.0628983,5.0274733,2.5691896,4.2772019,0,0.27391158195580995
-13.146486,5.082028,2.5760922,4.2017209,0,0.31412569654907996
-13.2308551,5.1361979,2.5841363,4.1282298,0,0.35325097269407996
-13.3151174,5.189284,2.5932703999999998,4.0571338,0,0.39654506903875997
-13.4002861,5.2417878,2.6036348,3.988089,0,0.43643891256839995
-13.48597,5.2933236,2.6151632,3.9209594,0,0.47506853815122
-13.5721652,5.3437563,2.6278354999999998,3.8554538,0,0.5109204965768199
-13.6592841,5.3931911,2.6416775,3.7914208,0,0.54544592883456
-13.746756,5.4411785,2.6565472000000003,3.728356,0,0.5752055439816
-13.8351879,5.4879336,2.6725266000000003,3.6664312,0,0.6070253487656
-13.9242876,5.5331695,2.6896995,3.6060124,0,0.64275259843428
-14.0142171,5.5768251,2.7083542,3.5493795,0,0.70102268271315
-14.104985,5.6186921,2.7292947,3.4982406,0,0.77525104637502
-14.1966645,5.6585407,2.7526726999999998,3.4528307,0,0.85019361080863
-14.2892589,5.6961049,2.7785494,3.4134343,0,0.9260763312666199
-14.3828945,5.7311699,2.8067789000000003,3.3792626,0,0.9921937401425001
-14.477484,5.7634592,2.8372555000000004,3.350211,0,1.0554096008658
-14.5730046,5.7927439,2.8697029,3.3259568,0,1.1135566116987201
-14.6695728,5.8188505,2.9040973,3.3057675,0,1.16273991681225
-14.7667066,5.8414793,2.940013,3.2899556,0,1.21330371271068
-14.8650398,5.8606071,2.9775372,3.2770427,0,1.24781298475407
-14.9637342,5.8759288,3.0162366,3.267258,0,1.2833247059172
-15.0630121,5.8873749,3.0559423,3.2599858,0,1.31159628088702
-15.1628435,5.8948318,3.0966455,3.254585,0,1.3326422270685
-15.2623622,5.8981815,3.1377863,3.2513906,0,1.35610559812288
-15.3627,5.8973836,3.1797638,3.2490262,0,1.3654230796098201
-15.4625442,5.8923803,3.2220274,3.2476573,0,1.37597264111568
-15.5616639,5.8832004,3.2643171,3.2472517,0,1.38578706901173
-15.6612486,5.8696783,3.3071714,3.2468461,0,1.38317104940745
-15.7595999,5.8520168,3.3497755,3.2467193,0,1.38007063531766
-15.8564231,5.8303644,3.3917908,3.2469077,0,1.37164836528652
-15.9536347,5.8042866,3.4338093,3.2479295,0,1.3394925711918502
-16.0492413,5.7743481,3.4744584,3.2521185,0,1.2904458241896
-16.1431941,5.7407877,3.5128618,3.2610204,0,1.20831632407728
-16.2356592,5.7038728,3.5476821000000003,3.2686134,0,1.0710915981846598
-16.3269071,5.6639525,3.577795,3.2388981,0,0.882502565307
-16.417221,5.621504,3.6011272,3.1891354,0,0.59911129515754
-16.5067302,5.5770875,3.6224815,3.1181424,0,0.72855646627392
-16.5949612,5.5304802,3.6537726,3.0928423,0,1.2046280545847
-16.6812904,5.4806555,3.6953685000000003,3.0801084,0,1.33714682296572
-16.7653442,5.4271823,3.7397961,3.0734485,0,1.40127829663955
-16.8469702,5.3698973,3.7858579,3.0700621,0,1.4356991907544998
-16.9260719,5.3086852,3.8330143,3.0685757,0,1.45543650138252
-17.002482,5.243523,3.8808785,3.0681924,0,1.46666162651736
-17.0751884,5.1752575,3.9285279,3.0678092,0,1.46640850266712
-17.1444987,5.1036743,3.9760665,3.0674695,0,1.4584001530556001
-17.2107113,5.0284426,4.0236439,3.0679464,0,1.45031551718088
-17.2732303,4.9502333,4.070755699999999,3.0692082,0,1.43964157060872
-17.3317153,4.8696074,4.1171823,3.0714756,0,1.42097610712428
-17.3867372,4.7858652,4.1633040999999995,3.075498,0,1.4046217633728
-17.4377364,4.6999343,4.2085067,3.0809606,0,1.3822698922294
-17.4847789,4.6119151,4.2528289,3.0883927,0,1.35336425622773
-17.5281231,4.5214858,4.2962674,3.0983541,0,1.32615380385708
-17.5673222,4.429861,4.3381517,3.1105574,0,1.2847395254137
-17.6028372,4.3363609,4.3787681,3.1263124,0,1.2427341894992
-17.6346026,4.2415399,4.4176161,3.1455155,0,1.1948630670672
-17.6627011,4.145749,4.4545547,3.1685961,0,1.13753708998635
-17.687427,4.0486757,4.489466800000001,3.1963245,0,1.0809835213371
-17.7087726,3.9512523,4.5219069,3.2284298,0,1.00942798007832
-17.7271199,3.8529125,4.5519656,3.2662226,0,0.9382253814503398
-17.7426173,3.7542166,4.5792526,3.3094495,0,0.8581154344787499
-17.7555588,3.6551054,4.6037618,3.3587963,0,0.77272400501874
-17.7662208,3.5556888,4.6252469000000005,3.4145786,0,0.68263948059126
-17.7748911,3.4561434,4.6436339,3.4770605,0,0.58282870577655
-17.7818957,3.3564126,4.658776899999999,3.5470102,0,0.4824522675693199
-17.787524,3.2566261,4.6713979000000005,3.5613696,0,0.41527492675584
-17.7919867,3.1567734,4.682337,3.4751785,0,0.39642299447695
-17.7952762,3.0568725,4.69566,3.3950394,0,0.51829757893008
-17.7970368,2.9569145,4.7130811,3.326388,0,0.6628988999412
-17.7968036,2.857035,-1.5475084999999997,3.2718594,0,0.8292449124674399
-17.7940466,2.757052,-1.5198226999999997,3.2285956,0,0.96199299069512
-17.7883269,2.6574188,-1.4879647999999999,3.1961706,0,1.08580978819026
-17.7792277,2.5577339,-1.4527571999999997,3.1693624,0,1.15440444040488
-17.7665257,2.4586317,-1.4150565999999998,3.1485069,0,1.22379346181169
-17.7499779,2.360049,-1.375152,3.1331387,0,1.28601119185302
-17.7293699,2.2620892,-1.3330674,3.1221122,0,1.3346989067541402
-17.7047278,2.1656086,-1.2897157,3.1156784,0,1.3837537850784
-17.6755918,2.0694871,-1.2447197,3.1113322,0,1.40669271406502
-17.6423359,1.9753658,-1.1990197999999999,3.1095585,0,1.43328351315555
-17.6047646,1.8828177,-1.1528139999999998,3.1091702,0,1.44733147569782
-17.5626952,1.791621,-1.1059864999999998,3.1087818,0,1.44425111312052
-17.5168324,1.703252,-1.0597604,3.1087193,0,1.43619909463858
-17.4667889,1.6167936,-1.0142291,3.1094644,0,1.39937900532584
-17.4125609,1.5321242,-0.9701667,3.1138511,0,1.3133299126023301
-17.355191,1.4503565,-0.9301513999999997,3.1266095,0,1.17511960954465
-17.2950881,1.3711353,-0.8962233,3.1525074,0,0.9470756426065201
-17.2327058,1.2937434,-0.8722156000000001,3.1997622,0,0.59045915824284
-17.1685272,1.2173176,-0.8541986000000001,3.2798924,0,0.5550037125736
-17.1029127,1.1421803,-0.8314672000000001,3.2373143,0,0.9004599437392901
-17.0354511,1.0690516,-0.8005035999999999,3.2050943,0,1.0839779562032101
-16.9655397,0.9981986,-0.7643841999999998,3.1874012,0,1.23824767423828
-16.8926863,0.9298429,-0.7238324,3.1784961,0,1.33050003218262
-16.8166222,0.864242,-0.6808084999999999,3.1745143,0,1.3816371923089699
-16.738114,0.8022819,-0.6369096999999999,3.1730285,0,1.4072977926858
-16.6572787,0.7440875,-0.5926198999999999,3.1718427,0,1.41083055801168
-16.5733928,0.6891938,-0.5478310999999998,3.1711342,0,1.4159237877233801
-16.4872264,0.6381623,-0.5031358999999997,3.1707382,0,1.4192278085749401
-16.3991814,0.591198,-0.4585493999999999,3.1703421,0,1.4127377283520501
-16.3088129,0.5480556,-0.4138436999999999,3.1706123,0,1.41234354193286
-16.2167804,0.509052,-0.3695024,3.1709099,0,1.40448699982413
-16.1230631,0.4741425,-0.32530369999999986,3.171979,0,1.3959318138716998
-16.0279729,0.4434169,-0.28136209999999995,3.1738547,0,1.3897633700248901
-15.9316225,0.4168644,-0.23827619999999983,3.1762625,0,1.3470491147349999
-15.8342951,0.3944227,-0.19702639999999993,3.1828252,0,1.26288265598608
-15.7361252,0.375846,-0.15922170000000002,3.197479,0,1.1500935475604
-15.6373613,0.3608116,-0.1251085999999999,3.222689,0,1.0419981574791
-15.5381426,0.3489728,-0.09461279999999994,3.2575089,0,0.9333590405760599
-15.4385922,0.3399763,-0.06786439999999994,3.3015795,0,0.8210750883822
-15.3389148,0.3334592,-0.04495009999999988,3.3548901,0,0.70487012625723
-15.2390688,0.3290338,-0.025872799999999918,3.4174887,0,0.58568306192634
-15.139163,0.3263189,-0.010709099999999916,3.4893628,0,0.4610809110292
-15.039258,0.3249264,0.0006334000000001172,3.5707753,0,0.34051127507318
-14.939308,0.3244864,0.008403099999999997,3.6591979,0,0.22952465195666
-14.8393813,0.324684,0.013602800000000137,3.7443326,0,0.15488768789833998
-14.7394553,0.3252962,0.016744900000000174,3.8264421,0,0.08523705893118
-14.639511,0.3261314,0.018077700000000085,3.9057561,0,0.018062169084450002
-14.5395953,0.3270164,0.017795500000000075,3.982477,0,-0.0408829141389
-14.439666,0.3278018,0.01619640000000011,4.0567842,0,-0.07458965701488
-14.3397264,0.3284064,0.01428610000000008,4.1281501,0,-0.08190910302416
-14.2398061,0.3288172,0.012374100000000166,4.1965866,0,-0.07634346410988001
-14.1398694,0.3290464,0.010650800000000071,4.2623039,0,-0.0694968650895
-14.0399363,0.3291127,0.009114199999999961,4.3254892,0,-0.06250288639108
-13.9400049,0.3290346,0.007761600000000035,4.38631,0,-0.05539470899
-13.8400695,0.3288304,0.006589700000000143,4.4449169,0,-0.04813489409348
-13.7401372,0.3285181,0.005595900000000098,4.5014458,0,-0.04078715024922
-13.6402,0.3281152,0.004778100000000007,4.5560199,0,-0.03331407311079
-13.5402791,0.3276394,0.004134199999999977,4.6087515,0,-0.02569885923915
-13.4403322,0.3271077,0.0036627000000000187,4.6597429,0,-0.017979152005360002
-13.3403987,0.3265376,0.003363000000000005,4.7090877,0,-0.010086394944630001
-13.240482,0.3259461,0.003234700000000146,4.7568722,0,-0.002021670685
-13.1405244,0.3253502,0.003278200000000009,4.8031756,0,0.0062297187532
-13.0406056,0.3247675,0.0034944000000001196,4.8480712,0,0.014723107427279999
-12.9406745,0.3242151,0.003886200000000173,4.8916266,0,0.02352040818078
-12.8407156,0.3237105,0.004455500000000168,4.9339048,0,0.032461639850639996
-12.7408227,0.323272,0.005202000000000151,4.9749642,0,0.041764824459
-12.6408637,0.3229173,0.006141200000000069,5.0148592,0,0.052156541623680004
-12.5409331,0.3226654,0.007223200000000096,5.0537876,0,0.052606896643439996
-12.4410499,0.3225171,0.008189699999999966,5.0920268,0,0.04550031467408
-12.3410812,0.3224577,0.009002100000000013,5.1295991,0,0.03752455629623
-12.2411538,0.3224714,0.00965499999999997,5.1665255,0,0.030097077647699998
-12.1412508,0.3225433,0.01017010000000007,5.2028262,0,0.023338317485339995
-12.0412898,0.3226614,0.010592700000000121,5.2385201,0,0.021183527580379998
-11.9413701,0.3228198,0.010980300000000165,5.2736254,0,0.019896333909120004
-11.8414519,0.3230159,0.011351500000000181,5.3081595,0,0.019407692763900003
-11.7415011,0.3232487,0.011710899999999969,5.3421388,0,0.01888606329964
-11.6415858,0.3235166,0.012058000000000124,5.3755791,0,0.018338250541740004
-11.5416571,0.3238187,0.012392600000000087,5.4084955,0,0.01776204007155
-11.4417143,0.3241536,0.012714300000000067,5.4409023,0,0.01715679722259
-11.3418012,0.3245199,0.013022700000000054,5.4728134,0,0.01652625462398
-11.2418657,0.3249164,0.013317699999999988,5.5042419,0,0.015867078125130003
-11.1419289,0.3253417,0.013598800000000022,5.5352005,0,0.015180287371250002
-11.0420163,0.3257943,0.01386569999999998,5.5657013,0,0.01446971023974
-10.942077,0.3262729,0.01411819999999997,5.595756,0,0.013729746921599999
-10.8421446,0.3267761,0.014356000000000035,5.6253757,0,0.012964803375789999
-10.7422313,0.3273021,0.014578800000000003,5.6545712,0,0.0121771190792
-10.6422906,0.3278498,0.014786300000000141,5.6833528,0,0.011361022247199998
-10.5423612,0.3284174,0.014978200000000053,5.7117305,0,0.010522149927099999
-10.442446,0.3290033,0.015154400000000123,5.7397138,0,0.00966166023954
-10.342506,0.3296062,0.01531450000000012,5.767312,0,0.0087732350144
-10.2425785,0.3302241,0.015458399999999983,5.794534,0,0.007864341544799999
-10.1426597,0.3308556,0.015585700000000147,5.8213882,0,0.00693501976266
-10.0427227,0.3314991,0.015696300000000107,5.8478831,0,0.00598004525806
-9.9427961,0.3321527,0.01578999999999997,5.8740265,0,0.0050058453833
-9.8428727,0.3328148,0.015866600000000064,5.8998261,0,0.0040130617132200005
-9.7429403,0.3334838,0.01592590000000005,5.9252895,0,0.00299641890015
-9.6430139,0.3341577,0.01596759999999997,5.9504238,0,0.00196304481162
-9.543087,0.334835,0.015991700000000053,5.9752359,0,0.00091182099834
-9.4431585,0.3355138,0.01599800000000018,5.9997327,0,-0.00016079283636000002
-9.3432314,0.3361923,0.015986400000000067,6.0239206,0,-0.00124815634832
-9.2433022,0.3368688,0.015956599999999987,6.0480035,0,-0.0023514637608
-9.1433768,0.3375413,0.01590860000000016,6.0719849,0,-0.0034743897597800002
-9.0434483,0.3382082,0.01584220000000003,6.095866,0,-0.0046096938692
-8.943518,0.3388675,0.015757400000000032,6.119648,0,-0.0057604246623999995
-8.8435948,0.3395174,0.015654000000000057,6.1433321,0,-0.00692783560917
-8.7436641,0.340156,0.015532000000000101,6.1669193,0,-0.008106415419849999
-8.6437339,0.3407816,0.015391300000000108,6.1904107,0,-0.00929923495354
-8.5438122,0.341392,0.015231800000000018,6.2138075,0,-0.01050568434025
-8.4438785,0.3419857,0.015053399999999995,6.2371108,0,-0.011722026037520001
-8.3439498,0.3425606,0.014856100000000039,6.2603215,0,-0.012950101054899998
-8.2440286,0.3431147,0.014639999999999986,6.2834407,0,-0.014190522476879998
-8.1440908,0.3436464,0.014404800000000106,6.3064694,0,-0.015438237091200001
-8.0441652,0.3441536,0.014150700000000072,6.3294086,0,-0.016696979886800002
-7.9442436,0.3446344,0.013877600000000045,6.3522592,0,-0.01796482424352
-7.8443008,0.3450871,0.013585500000000028,6.3750223,0,-0.01923854229694
-7.7443802,0.3455096,0.01327440000000002,6.3976987,0,-0.02052189811999
-7.644457,0.3459,0.012944400000000078,6.4202894,0,-0.021811649178619996
-7.5445079,0.3462566,0.012595400000000145,6.4427953,0,-0.02310515250486
-7.4445947,0.3465773,0.012227700000000175,6.4652172,0,-0.024407487973439997
-7.3446685,0.3468603,0.01184099999999999,6.4875561,0,-0.02571277984674
-7.2447116,0.3471038,0.011435500000000154,6.5098128,0,-0.027020930970239998
-7.1448086,0.3473057,0.011011400000000116,6.5319881,0,-0.0283357643778
-7.0448779,0.3474644,0.010568600000000039,6.5540828,0,-0.029651325995479996
-6.9449235,0.347578,0.010107199999999983,6.5760979,0,-0.03096816023068
-6.8450219,0.3476444,0.009627500000000122,6.598034,0,-0.0322887989858
-6.7450849,0.347662,0.009129300000000118,6.6198919,0,-0.0336091911763
-6.6451393,0.3476289,0.008612700000000029,6.6416725,0,-0.034929884012000006
-6.5452346,0.3475433,0.008078200000000146,6.6633765,0,-0.03624943449765
-6.4452892,0.3474034,0.007525600000000132,6.6850046,0,-0.03756905735154
-6.3453568,0.3472073,0.006954899999999986,6.7065576,0,-0.03889870473576
-6.2454468,0.3469534,0.006366700000000058,6.7280362,0,-0.04018588741898
-6.1454905,0.3466397,0.005761200000000022,6.7494411,0,-0.041492189162250004
-6.0455765,0.3462647,0.005137000000000169,6.770773,0,-0.042967325458
-5.9456561,0.3458265,0.0044960000000000555,6.7920326,0,-0.04380113903413999
-5.8456868,0.3453235,0.0038489999999999913,6.8132206,0,-0.04420553789692001
-5.7457877,0.3447564,0.003205200000000019,6.8343376,0,-0.04375547961647999
-5.6458517,0.3441251,0.0025692000000001602,6.8553844,0,-0.043406922943920005
-5.5459015,0.3434304,0.0019390999999999714,6.8763614,0,-0.04315879469096
-5.4459918,0.3426733,0.0013152000000000719,6.8972695,0,-0.04284928676875
-5.346052,0.341854,0.0006974000000001812,6.9181092,0,-0.04254429614724
-5.2461211,0.3409734,8.589999999997211e-05,6.9388811,0,-0.04224321424869
-5.1461969,0.340032,-0.0005192999999998893,6.9595858,0,-0.0419280246521
-5.0462615,0.3390303,-0.0011182999999999055,6.980224,0,-0.0416167935104
-4.9463369,0.3379692,-0.0017107999999999013,7.0007962,0,-0.04129139606722
-4.8464069,0.3368491,-0.00229709999999983,7.0212974,0,-0.04096084477212
-4.7464847,0.3356708,-0.00287689999999996,7.0415883,0,-0.04063137280866
-4.6465526,0.3344348,-0.003450199999999848,7.0616722,0,-0.040278365894360006
-4.5466258,0.3331419,-0.004016899999999879,7.0815525,0,-0.0399243766845
-4.4467121,0.3317929,-0.004576999999999831,7.1012324,0,-0.03956522643984
-4.3467721,0.3303879,-0.005130399999999868,7.1207148,0,-0.03918458147292
-4.2468571,0.3289282,-0.0056762999999999675,7.1400029,0,-0.038521029645789996
-4.1469379,0.3274147,-0.006205299999999969,7.1590997,0,-0.03717147746234
-4.0469993,0.3258494,-0.006700199999999823,7.1780079,0,-0.03304467716844
-3.9471038,0.3242388,-0.007123199999999885,7.1967305,0,-0.027687261579599998
-3.8471664,0.3225892,-0.007464399999999927,7.2152702,0,-0.02150583435812
-3.7472357,0.3209099,-0.007719000000000031,7.1797543,0,-0.01518805224622
-3.6473652,0.3192106,-0.007887100000000036,7.1174722,0,-0.00888901103058
-3.547398,0.3174971,-0.007968999999999893,7.0540075,0,-0.002745419719
-3.4474797,0.3157805,-0.007964799999999883,6.9894231,0,0.00329062039548
-3.3476065,0.3140695,-0.007874900000000018,6.9248417,0,0.0092169643027
-3.2476309,0.3123699,-0.0076992999999998535,6.8602351,0,0.014972463105749999
-3.1477271,0.3106935,-0.0074336999999999875,6.7957546,0,0.0223614305113
-3.0478367,0.3090504,-0.007027899999999976,6.7316708,0,0.03256311116084
-2.9478618,0.3074569,-0.006371600000000033,6.6694908,0,0.0579211928526
-2.8479712,0.3059516,-0.0052826999999999735,6.609665,0,0.087702322952
-2.74806,0.3045789,-0.003700399999999826,6.5525289,0,0.12069954809667001
-2.6480818,0.3033894,-0.001601899999999823,6.4980282,0,0.15296943205338
-2.5481983,0.3024361,0.0010071000000000385,6.4461399,0,0.18481921091487002
-2.4482679,0.3017685,0.004124500000000086,6.3968011,0,0.21583958335598002
-2.3482828,0.3014378,0.007749900000000087,6.3499484,0,0.24602430579412
-2.2484025,0.3014942,0.01187080000000007,6.3055631,0,0.27581415778234
-2.1484711,0.3019873,0.01648650000000007,6.2635857,0,0.30479610189912
-2.0484841,0.3029669,0.021595699999999995,6.2239557,0,0.3329567341272
-1.9486133,0.3044795,0.027181600000000028,6.1866594,0,0.3607595762625
-1.8487228,0.3065745,0.03324270000000018,6.1516451,0,0.38782000753282997
-1.7487531,0.3093012,0.03977940000000002,6.1188429,0,0.41395257175509004
-1.6489145,0.3127003,0.0467689,6.0882382,0,0.43971265399006004
-1.5491353,0.316818,0.054204200000000036,6.0597941,0,0.4648686206697601
-1.4492224,0.3217087,0.062093900000000035,6.0334145,0,0.48883387954595
-1.34946,0.3274024,0.07040570000000002,6.0090786,0,0.51235747684254
-1.2498611,0.333938,0.07912370000000002,5.9867637,0,0.53542261945128
-1.1501025,0.3413796,0.08826540000000005,5.9663481,0,0.55704093073878
-1.0504863,0.3497465,0.09779340000000003,5.9477882,0,0.57800129904544
-0.9510601,0.3590705,0.10768580000000005,5.9310463,0,0.59836250254495
-0.8516905,0.3694001,0.11793910000000007,5.9160369,0,0.61765081726332
-0.7523171,0.3807793,0.1285476000000001,5.9026471,0,0.6356058936986501
-0.6531676,0.3932156,0.13946920000000018,5.8908188,0,0.65278048184816
-0.5542564,0.4067357,0.15068140000000008,5.8804869,0,0.66911178996519
-0.4553635,0.4213997,0.16219010000000011,5.8715124,0,0.68387618667264
-0.3566197,0.4372188,0.17396330000000004,5.8637765,0,0.6972898097422
-0.2581547,0.454196,0.1859626000000001,5.857198,0,0.7097395247322
-0.1599848,0.4723484,0.19816520000000004,5.8516839,0,0.72111880654353
-0.061927,0.4917307,0.2105606,5.846967,0,0.7297178531076001
0.0359418,0.5123481,0.22313490000000002,5.8432726,0,0.74043963674516
0.1334602,0.5341848,0.23585540000000016,5.8396197,0,0.74133154544742
0.2306505,0.557246,0.24853619999999998,5.8388904,0,0.7706944122343201
0.3274338,0.5815828,0.263015,3.477325,0,0.5522892727175
