0.00000000,0.00000000,0.00000000,0.00000000,0.00000000,0.00000000,0.00000000,0.00000000,0.00000000,0.00000000,0.00000000,0.00000000,0.00000000,0.00000000
0.00000000,0.00000000,0.00000000,0.00000000,0.00000000,0.00000000,0.00000000,0.00000000,0.00000000,0.00000000,0.00000000,0.00000000,0.00000000,0.00000000
0.00000000,0.00000000,0.00000000,0.00000000,0.00000000,0.00000000,0.00000000,0.00000000,0.00000000,0.00000000,0.00000000,0.00000000,0.00000000,0.00000000
0.00000000,0.00000000,0.00000000,0.00000000,0.00000000,0.00000000,0.00000000,0.00000000,0.00000000,0.00000000,0.00000000,0.00000000,0.00000000,0.00000000
0.00000000,0.00000000,0.00000000,0.00000000,0.00000000,0.00000000,0.00000000,0.00000000,0.00000000,0.00000000,0.00000000,0.00000000,0.00000000,0.00000000
0.00000000,0.00000000,0.00000000,0.00000000,0.00000000,0.00000000,0.00000000,0.00000000,0.00000000,0.00000000,0.00000000,0.00000000,0.00000000,0.00000000
0.00000000,0.00000000,0.00000000,0.00000000,0.00000000,0.00000000,0.00000000,0.00000000,0.00000000,0.00000000,0.00000000,0.00000000,0.00000000,0.00000000
0.00000000,0.00000000,0.00000000,0.00000000,0.00000000,0.00000000,0.00000000,0.00000000,0.00000000,0.00000000,0.00000000,0.00000000,0.00000000,0.00000000
0.00000000,0.00000000,0.00000000,0.00000000,0.00000000,0.00000000,0.00000000,0.00000000,0.00000000,0.00000000,0.00000000,0.00000000,0.00000000,0.00000000
0.00000000,0.00000000,0.00000000,0.00000000,0.00000000,0.00000000,0.00000000,0.00000000,0.00000000,0.00000000,0.00000000,0.00000000,0.00000000,0.00000000
0.00000000,0.00000000,0.00000000,0.00000000,0.00000000,0.00000000,0.00000000,0.00000000,0.00000000,0.00000000,0.00000000,0.00000000,0.00000000,0.00000000
0.00000000,0.00000000,0.00000000,0.00000000,0.00000000,0.00000000,0.00000000,0.00000000,0.00000000,0.00000000,0.00000000,0.00000000,0.00000000,0.00000000
0.00000000,0.00000000,0.00000000,0.00000000,0.00000000,0.00000000,0.00000000,0.00000000,0.00000000,0.00000000,0.00000000,0.00000000,0.00000000,0.00000000
0.00000000,0.00000000,0.00000000,0.00000000,0.00000000,0.00000000,0.00000000,0.00000000,0.00000000,0.00000000,0.00000000,0.00000000,0.00000000,0.00000000
0.00000000,0.00000000,0.00000000,0.00000000,0.00000000,0.00000000,0.00000000,0.00000000,0.00000000,0.00000000,0.00000000,0.00000000,0.00000000,0.00000000
0.00000000,0.00000000,0.00000000,0.00000000,0.00000000,0.00000000,0.00000000,0.00000000,0.00000000,0.00000000,0.00000000,0.00000000,0.00000000,0.00000000
0.00000000,0.00000000,0.00000000,0.00000000,0.00000000,0.30000000,0.00000000,0.03810000,0.00000000,0.00000000,0.00000000,0.00000000,0.00000000,0.00000000
0.00000000,0.00000000,0.00000000,0.00000000,0.00000000,0.20000000,0.00000000,0.10180000,0.00000000,0.00000000,0.00000000,0.00000000,0.00000000,0.00000000
0.00000000,0.00000000,0.00000000,0.00000000,0.00000000,0.50000000,0.00000000,0.17450000,0.00000000,0.00000000,0.00000000,0.00000000,0.00000000,0.00000000
0.00000000,0.00000000,0.00000000,0.00000000,0.00000000,6.10000000,0.00000000,0.26540000,0.00000000,0.00000000,0.00000000,0.00000000,0.00000000,0.00000000
0.00000000,0.00000000,0.00000000,0.00000000,0.00000000,1.30000000,0.00000000,0.30180000,0.00000000,0.00000000,0.00000000,0.00000000,0.00000000,0.00000000
0.00000000,0.00000000,0.00000000,0.00000000,0.00000000,1.50000000,0.00000000,0.31090000,0.00000000,0.00000000,0.00000000,0.00000000,0.00000000,0.00000000
0.00000000,0.00000000,0.00000000,0.00000000,0.00000000,1.10000000,0.00000000,0.26540000,0.00000000,0.00000000,0.00000000,0.00000000,0.00000000,0.00000000
0.00000000,0.00000000,0.00000000,0.00000000,0.00000000,0.00000000,0.00000000,0.24720000,0.00000000,0.00000000,0.00000000,0.00000000,0.00000000,0.00000000
0.00000000,0.00000000,0.00000000,0.00000000,0.00000000,0.00000000,0.00000000,0.23810000,0.00000000,0.00000000,0.00000000,0.00000000,0.00000000,0.00000000
0.00000000,0.00000000,0.00000000,0.00000000,0.00000000,0.00000000,0.00000000,0.22900000,0.00000000,0.00000000,0.00000000,0.00000000,0.00000000,0.00000000
0.00000000,0.00000000,0.00000000,-0.01670000,-0.02010000,0.00000000,0.00000000,0.31090000,0.00000000,0.00000000,0.00000000,0.92000000,-0.75000000,-0.01000000
0.00000000,0.00000000,0.00000000,0.08010000,0.10750000,0.50000000,0.00000000,0.36540000,0.00000000,0.00000000,0.00000000,0.92000000,-0.75000000,-0.02000000
0.00000000,-0.01000000,0.00000000,0.05730000,-0.00390000,0.90000000,0.00000000,0.41090000,39.96279140,116.30505080,43.92987920,0.92000000,-0.75000000,-0.02000000
0.01000000,-0.01000000,-0.01000000,-0.36830000,0.10670000,1.50000000,0.00000000,0.50180000,39.96279140,116.30505080,43.92939670,0.93000000,-0.75000000,-0.01000000
0.01000000,-0.01000000,0.00000000,0.04460000,0.06120000,1.90000000,0.00000000,0.57450000,39.96279140,116.30505080,43.92895470,0.93000000,-0.76000000,-0.02000000
0.02000000,-0.01000000,-0.00000000,-0.16030000,0.08910000,2.90000000,0.00000000,0.64720000,39.96279140,116.30505080,43.92890660,0.93000000,-0.76000000,-0.02000000
0.02000000,-0.01000000,-0.00000000,-0.74490000,0.26420000,2.70000000,0.00000000,0.71090000,39.96279140,116.30505080,43.92904010,0.94000000,-0.75000000,-0.02000000
0.03000000,-0.01000000,0.00000000,-0.44180000,0.24410000,6.70000000,0.00000000,0.73810000,39.96279140,116.30505080,43.92868600,0.94000000,-0.79000000,-0.02000000
0.03000000,-0.01000000,-0.01000000,-0.56470000,0.09340000,6.70000000,0.00000000,0.73810000,39.96279140,116.30505080,43.92749800,0.96000000,-0.87000000,-0.00000000
0.03000000,-0.01000000,0.01000000,-0.16530000,0.00450000,5.30000000,0.00000000,0.76540000,39.96279140,116.30505080,43.92623320,0.97000000,-0.98000000,0.01000000
0.03000000,-0.01000000,0.01000000,0.46960000,-0.01650000,10.40000000,0.00000000,0.82900000,39.96279140,116.30505080,43.92559130,0.99000000,-1.04000000,0.02000000
0.03000000,-0.01000000,-0.00000000,-0.81040000,0.29880000,9.00000000,0.00000000,0.87450000,39.96279140,116.30505090,43.92478660,0.99000000,-1.13000000,0.04000000
0.04000000,-0.01000000,0.01000000,-0.34570000,0.13250000,9.80000000,0.00000000,0.91990000,39.96279140,116.30505090,43.92472070,0.99000000,-1.22000000,0.06000000
0.04000000,-0.01000000,0.01000000,0.65570000,-0.08270000,14.30000000,0.00000000,0.94720000,39.96279140,116.30505090,43.92641070,0.97000000,-1.25000000,0.08000000
0.05000000,-0.01000000,-0.01000000,0.04400000,0.04750000,12.10000000,0.00000000,0.98360000,39.96279140,116.30505090,43.92722300,0.96000000,-1.28000000,0.10000000
0.06000000,-0.00000000,-0.02000000,-0.78990000,0.49490000,18.00000000,0.00000000,0.99270000,39.96279140,116.30505090,43.92902050,0.95000000,-1.30000000,0.12000000
0.06000000,-0.01000000,0.01000000,-0.67270000,-0.19750000,23.80000000,0.00000000,1.01090000,39.96279140,116.30505090,43.93057710,0.95000000,-1.34000000,0.13000000
0.09000000,-0.01000000,-0.00000000,0.56720000,-0.05160000,21.00000000,0.00000000,1.03810000,39.96279130,116.30505100,43.93133250,0.98000000,-1.40000000,0.04000000
0.10000000,-0.03000000,0.01000000,-0.00780000,-0.61690000,25.50000000,0.00000000,1.04720000,39.96279130,116.30505100,43.93116500,1.03000000,-1.47000000,-0.11000000
0.10000000,-0.04000000,0.02000000,0.16530000,-0.12420000,33.90000000,0.00000000,1.06540000,39.96279120,116.30505100,43.93103340,1.05000000,-1.54000000,-0.20000000
0.12000000,-0.05000000,-0.04000000,0.21770000,0.98100000,34.50000000,0.00090000,1.08360000,39.96279110,116.30505110,43.93082640,1.06000000,-1.60000000,-0.40000000
0.14000000,-0.09000000,0.02000000,0.42620000,-0.96760000,41.50000000,0.00650000,1.09270000,39.96279110,116.30505120,43.93074090,1.07000000,-1.68000000,-0.61000000
0.14000000,-0.11000000,-0.02000000,0.18670000,-0.82810000,45.00000000,0.01390000,1.10180000,39.96279100,116.30505120,43.93047300,1.23000000,-1.76000000,-0.87000000
0.15000000,-0.11000000,-0.04000000,0.50230000,0.71050000,46.10000000,0.02590000,1.12900000,39.96279090,116.30505120,43.93021030,1.32000000,-1.84000000,-1.05000000
0.14000000,-0.14000000,0.03000000,-0.20770000,0.21300000,50.40000000,0.03520000,1.13810000,39.96279080,116.30505130,43.92995430,1.38000000,-1.88000000,-1.38000000
0.15000000,-0.18000000,-0.01000000,0.04440000,-0.50840000,49.80000000,0.04070000,1.12900000,39.96279060,116.30505130,43.92951460,1.53000000,-1.99000000,-1.68000000
0.17000000,-0.20000000,-0.01000000,1.20680000,-0.94250000,60.50000000,0.04630000,1.11090000,39.96279050,116.30505130,43.92922820,1.69000000,-2.04000000,-1.99000000
0.17000000,-0.22000000,-0.03000000,0.54820000,-0.44430000,61.90000000,0.04810000,1.11090000,39.96279030,116.30505140,43.92977040,1.86000000,-2.02000000,-2.40000000
0.16000000,-0.22000000,-0.01000000,-0.13430000,-0.19440000,61.90000000,0.05270000,1.11990000,39.96279020,116.30505140,43.93083160,1.86000000,-2.04000000,-2.70000000
0.14000000,-0.25000000,-0.01000000,-1.01690000,0.42650000,69.70000000,0.05270000,1.11990000,39.96279010,116.30505150,43.93336490,1.89000000,-2.13000000,-3.28000000
0.16000000,-0.27000000,-0.02000000,0.61250000,-0.58420000,71.60000000,0.05460000,1.11090000,39.96278990,116.30505150,43.93598450,1.96000000,-2.26000000,-3.93000000
0.15000000,-0.28000000,-0.02000000,0.37090000,0.38960000,76.80000000,0.06010000,1.10180000,39.96278980,116.30505160,43.93685980,1.96000000,-2.34000000,-4.24000000
0.16000000,-0.31000000,-0.01000000,-0.07240000,-1.46480000,78.70000000,0.06380000,1.09270000,39.96278960,116.30505160,43.93792890,1.82000000,-2.37000000,-4.81000000
0.13000000,-0.37000000,0.02000000,-0.87470000,0.38300000,78.50000000,0.07680000,1.06540000,39.96278930,116.30505160,43.93748250,2.06000000,-2.39000000,-6.02000000
0.13000000,-0.37000000,-0.03000000,0.29150000,-0.50780000,80.80000000,0.08700000,1.03810000,39.96278910,116.30505160,43.93774550,2.37000000,-2.44000000,-7.26000000
0.12000000,-0.38000000,0.01000000,0.44170000,-0.99710000,85.20000000,0.10730000,1.01990000,39.96278880,116.30505160,43.93776050,2.36000000,-2.42000000,-8.24000000
0.11000000,-0.40000000,-0.01000000,0.83480000,-0.21530000,86.00000000,0.11290000,1.01090000,39.96278870,116.30505160,43.93763190,2.35000000,-2.44000000,-8.82000000
0.09000000,-0.44000000,0.02000000,0.65640000,-0.60430000,84.60000000,0.12770000,0.96540000,39.96278840,116.30505170,43.93754810,2.45000000,-2.38000000,-9.71000000
0.07000000,-0.42000000,0.04000000,-0.26040000,1.37850000,89.00000000,0.14060000,0.93810000,39.96278820,116.30505170,43.93620050,2.48000000,-2.48000000,-10.18000000
0.08000000,-0.45000000,0.03000000,-0.86950000,-1.64140000,83.30000000,0.14340000,0.92900000,39.96278790,116.30505170,43.93467870,2.19000000,-2.37000000,-10.52000000
0.06000000,-0.49000000,0.03000000,0.34140000,-1.36960000,88.50000000,0.14340000,0.93810000,39.96278780,116.30505170,43.93387550,2.20000000,-2.34000000,-10.71000000
0.02000000,-0.50000000,0.05000000,-0.96190000,1.62430000,92.70000000,0.14430000,0.95630000,39.96278750,116.30505170,43.93215860,2.67000000,-2.31000000,-11.12000000
0.04000000,-0.49000000,0.06000000,-0.58420000,0.67870000,96.90000000,0.14710000,0.95630000,39.96278720,116.30505170,43.93085630,2.67000000,-2.32000000,-11.19000000
0.02000000,-0.52000000,0.05000000,0.01560000,-1.07890000,95.50000000,0.13780000,0.95630000,39.96278690,116.30505170,43.92881160,2.61000000,-2.30000000,-10.94000000
0.02000000,-0.52000000,0.06000000,1.35830000,-0.55520000,97.30000000,0.11840000,0.97450000,39.96278680,116.30505170,43.92748740,2.64000000,-2.42000000,-10.78000000
0.01000000,-0.57000000,0.05000000,1.14240000,-0.63360000,94.60000000,0.10640000,0.97450000,39.96278650,116.30505170,43.92544310,2.72000000,-2.45000000,-10.58000000
0.00000000,-0.56000000,0.05000000,-0.17220000,0.76570000,99.20000000,0.10360000,0.97450000,39.96278620,116.30505180,43.92327720,2.85000000,-2.31000000,-10.34000000
-0.01000000,-0.58000000,0.04000000,-0.78010000,0.66350000,101.70000000,0.09990000,0.96540000,39.96278590,116.30505180,43.92168910,2.71000000,-2.32000000,-10.26000000
-0.00000000,-0.61000000,0.01000000,0.15610000,-0.69370000,96.50000000,0.09990000,0.94720000,39.96278560,116.30505180,43.92029910,2.67000000,-2.23000000,-10.41000000
-0.01000000,-0.61000000,0.06000000,1.04940000,0.27570000,93.70000000,0.09990000,0.94720000,39.96278540,116.30505190,43.91936270,2.73000000,-2.20000000,-10.44000000
-0.03000000,-0.61000000,-0.00000000,0.99010000,1.07690000,97.70000000,0.09990000,0.94720000,39.96278510,116.30505190,43.91790210,2.69000000,-1.95000000,-10.48000000
-0.04000000,-0.62000000,-0.04000000,0.42470000,0.55840000,100.90000000,0.09900000,0.94720000,39.96278480,116.30505190,43.91597560,2.78000000,-1.97000000,-10.72000000
-0.02000000,-0.62000000,0.00000000,0.13720000,-1.12820000,95.90000000,0.09530000,0.94720000,39.96278450,116.30505200,43.91414860,2.65000000,-1.90000000,-11.09000000
-0.04000000,-0.63000000,-0.00000000,-0.03160000,-0.70480000,95.60000000,0.09530000,0.94720000,39.96278440,116.30505200,43.91284260,2.60000000,-1.92000000,-11.44000000
-0.04000000,-0.64000000,0.08000000,-0.14810000,-1.48280000,105.40000000,0.09440000,0.94720000,39.96278410,116.30505210,43.91002970,2.45000000,-2.03000000,-12.04000000
-0.05000000,-0.66000000,-0.03000000,0.04230000,-1.38130000,92.90000000,0.09530000,0.94720000,39.96278380,116.30505210,43.90741670,2.35000000,-1.97000000,-12.53000000
-0.05000000,-0.69000000,0.00000000,0.99620000,0.78390000,96.60000000,0.09990000,0.93810000,39.96278350,116.30505220,43.90457310,2.82000000,-1.95000000,-13.16000000
-0.04000000,-0.64000000,-0.06000000,0.38070000,0.39030000,100.10000000,0.10360000,0.93810000,39.96278320,116.30505220,43.90352850,2.84000000,-1.95000000,-13.93000000
-0.04000000,-0.65000000,0.02000000,0.58020000,-0.74250000,100.40000000,0.10550000,0.95630000,39.96278300,116.30505220,43.90303320,2.67000000,-1.99000000,-14.74000000
-0.03000000,-0.67000000,0.02000000,-0.09830000,0.97270000,102.70000000,0.10450000,0.95630000,39.96278280,116.30505220,43.90165350,2.45000000,-1.97000000,-16.26000000
-0.03000000,-0.68000000,-0.06000000,0.42160000,0.40210000,105.10000000,0.10080000,0.93810000,39.96278250,116.30505230,43.90037960,2.48000000,-1.71000000,-17.84000000
-0.06000000,-0.66000000,0.00000000,-1.94280000,1.34490000,101.90000000,0.09810000,0.94720000,39.96278210,116.30505230,43.89972720,2.53000000,-1.60000000,-19.47000000
-0.05000000,-0.65000000,0.01000000,0.69850000,-0.10630000,103.80000000,0.09530000,0.95630000,39.96278200,116.30505230,43.89965780,2.45000000,-1.63000000,-20.15000000
-0.04000000,-0.65000000,0.03000000,1.11640000,1.75210000,101.90000000,0.08880000,0.94720000,39.96278170,116.30505240,43.89974140,2.14000000,-1.66000000,-21.23000000
-0.04000000,-0.65000000,0.03000000,-1.26380000,0.35920000,99.80000000,0.08140000,0.94720000,39.96278150,116.30505250,43.89934680,1.83000000,-1.53000000,-22.11000000
-0.04000000,-0.69000000,-0.02000000,-1.27020000,-2.62080000,102.20000000,0.07310000,0.92900000,39.96278120,116.30505260,43.89829690,1.73000000,-1.50000000,-23.13000000
-0.05000000,-0.71000000,0.00000000,0.00360000,-1.78080000,104.40000000,0.07120000,0.92900000,39.96278100,116.30505260,43.89785720,1.91000000,-1.55000000,-23.69000000
-0.03000000,-0.68000000,0.01000000,0.80180000,1.35160000,102.30000000,0.06940000,0.92900000,39.96278070,116.30505270,43.89740220,2.21000000,-1.41000000,-24.37000000
-0.03000000,-0.66000000,0.00000000,-0.81820000,-0.04540000,106.00000000,0.06290000,0.92900000,39.96278040,116.30505280,43.89943570,2.02000000,-1.33000000,-25.85000000
-0.01000000,-0.67000000,-0.03000000,-0.22240000,-0.72470000,104.80000000,0.04810000,0.93810000,39.96278010,116.30505290,43.90122670,1.99000000,-1.40000000,-27.39000000
-0.02000000,-0.69000000,0.01000000,-0.69360000,-2.12890000,102.30000000,0.02410000,0.93810000,39.96278000,116.30505290,43.90199790,1.91000000,-1.40000000,-28.16000000
-0.05000000,-0.67000000,0.12000000,-0.56530000,-0.60120000,92.70000000,0.00560000,0.93810000,39.96277970,116.30505300,43.90417200,2.10000000,-1.08000000,-29.62000000
-0.04000000,-0.64000000,-0.04000000,0.35740000,0.83410000,99.20000000,0.00000000,0.90180000,39.96277940,116.30505310,43.90613100,1.85000000,-1.21000000,-30.87000000
-0.03000000,-0.66000000,-0.07000000,-0.76820000,-0.78240000,94.20000000,0.00000000,0.89270000,39.96277910,116.30505320,43.90818040,1.62000000,-1.09000000,-32.10000000
-0.02000000,-0.64000000,-0.06000000,0.07840000,-0.39070000,95.70000000,0.00000000,0.88360000,39.96277890,116.30505320,43.90925850,1.56000000,-1.03000000,-33.12000000
-0.01000000,-0.63000000,-0.03000000,0.73480000,-0.38250000,100.80000000,0.00000000,0.90180000,39.96277870,116.30505330,43.90967540,1.41000000,-1.09000000,-33.73000000
-0.02000000,-0.67000000,-0.02000000,0.11590000,0.89270000,96.30000000,0.00000000,0.91090000,39.96277850,116.30505330,43.91130460,1.28000000,-0.89000000,-35.02000000
-0.02000000,-0.65000000,-0.08000000,1.37090000,0.64440000,99.80000000,0.00000000,0.91990000,39.96277820,116.30505340,43.91254710,1.46000000,-0.91000000,-36.19000000
0.00000000,-0.64000000,-0.07000000,0.30680000,-1.49530000,98.30000000,0.00000000,0.93810000,39.96277790,116.30505350,43.91361020,1.05000000,-0.93000000,-37.82000000
-0.01000000,-0.65000000,-0.05000000,0.36510000,-1.31670000,97.10000000,0.00000000,0.96540000,39.96277780,116.30505350,43.91398900,0.94000000,-1.01000000,-38.55000000
-0.01000000,-0.67000000,-0.08000000,-0.15930000,0.10300000,104.90000000,0.00000000,0.99270000,39.96277750,116.30505360,43.91458260,1.06000000,-1.07000000,-40.11000000
0.02000000,-0.66000000,-0.07000000,1.39250000,0.49920000,103.80000000,0.00000000,0.99270000,39.96277720,116.30505370,43.91531190,1.44000000,-1.10000000,-41.61000000
0.04000000,-0.68000000,-0.05000000,-0.68900000,-1.83960000,105.70000000,0.00000000,0.99270000,39.96277690,116.30505380,43.91593740,1.30000000,-1.06000000,-42.73000000
0.05000000,-0.67000000,-0.14000000,-0.82520000,-0.75670000,107.20000000,0.00000000,0.99270000,39.96277660,116.30505380,43.91636360,1.20000000,-0.93000000,-43.84000000
0.03000000,-0.66000000,0.03000000,0.60810000,-3.10600000,104.20000000,0.00000000,0.97450000,39.96277650,116.30505390,43.91649040,1.18000000,-0.95000000,-44.51000000
0.02000000,-0.68000000,-0.01000000,0.56690000,-0.08510000,102.30000000,0.00000000,0.97450000,39.96277620,116.30505390,43.91710650,1.32000000,-0.90000000,-45.75000000
0.06000000,-0.64000000,-0.14000000,-1.60020000,-0.46930000,105.50000000,0.00000000,0.94720000,39.96277590,116.30505400,43.91861330,1.18000000,-0.57000000,-47.05000000
0.03000000,-0.64000000,-0.07000000,-0.29610000,0.37810000,104.40000000,0.00000000,0.93810000,39.96277560,116.30505410,43.91899260,0.94000000,-0.67000000,-47.98000000
0.03000000,-0.65000000,-0.05000000,0.97410000,-0.98860000,97.30000000,0.00000000,0.93810000,39.96277550,116.30505410,43.91892110,0.89000000,-0.79000000,-48.43000000
0.04000000,-0.63000000,-0.07000000,-0.33130000,1.15200000,95.00000000,0.00000000,0.91990000,39.96277520,116.30505420,43.91893090,0.90000000,-0.77000000,-49.37000000
0.02000000,-0.66000000,-0.05000000,-0.40860000,-2.29400000,100.50000000,0.00000000,0.91090000,39.96277490,116.30505430,43.91852380,0.84000000,-0.94000000,-50.36000000
0.04000000,-0.67000000,-0.05000000,-1.57800000,1.21390000,97.30000000,0.00000000,0.90180000,39.96277460,116.30505440,43.91859410,0.95000000,-0.67000000,-51.26000000
0.03000000,-0.67000000,-0.07000000,0.18990000,-0.14780000,99.00000000,0.00000000,0.90180000,39.96277450,116.30505440,43.91869010,0.97000000,-0.65000000,-51.56000000
0.05000000,-0.67000000,-0.05000000,0.67010000,-1.43530000,101.50000000,0.00000000,0.90180000,39.96277420,116.30505450,43.91913290,1.06000000,-0.70000000,-52.37000000
0.06000000,-0.67000000,-0.02000000,0.14690000,0.08970000,101.10000000,0.00000000,0.90180000,39.96277390,116.30505460,43.91948020,1.07000000,-0.52000000,-53.22000000
0.08000000,-0.67000000,-0.08000000,-0.22950000,-0.71840000,102.10000000,0.00000000,0.90180000,39.96277360,116.30505470,43.91959400,1.08000000,-0.23000000,-54.07000000
0.08000000,-0.64000000,-0.03000000,-0.05470000,-1.02960000,100.70000000,0.00000000,0.90180000,39.96277350,116.30505470,43.91983930,0.93000000,-0.25000000,-54.51000000
0.05000000,-0.67000000,-0.01000000,-0.42310000,-1.59350000,105.10000000,0.00000000,0.90180000,39.96277320,116.30505480,43.92044340,0.75000000,-0.29000000,-55.15000000
0.04000000,-0.67000000,-0.01000000,0.62160000,1.27130000,97.50000000,0.00000000,0.90180000,39.96277290,116.30505480,43.91981440,1.04000000,-0.38000000,-55.62000000
0.10000000,-0.66000000,-0.07000000,0.79560000,-0.30920000,102.10000000,0.00000000,0.90180000,39.96277260,116.30505490,43.91891010,0.98000000,-0.41000000,-56.10000000
0.12000000,-0.65000000,-0.01000000,0.75490000,-0.25660000,99.40000000,0.00000000,0.91090000,39.96277240,116.30505490,43.91848830,0.66000000,-0.40000000,-56.29000000
0.07000000,-0.67000000,-0.06000000,-1.74610000,-0.36990000,103.00000000,0.00000000,0.91090000,39.96277210,116.30505500,43.91787170,0.05000000,-0.27000000,-56.71000000
-0.01000000,-0.71000000,0.02000000,-0.44160000,-0.23610000,104.40000000,0.00000000,0.91090000,39.96277180,116.30505510,43.91733940,0.40000000,-0.49000000,-56.99000000
0.04000000,-0.69000000,-0.02000000,1.87870000,1.04870000,99.20000000,0.00000000,0.91090000,39.96277160,116.30505510,43.91792180,1.11000000,-0.55000000,-57.07000000
0.08000000,-0.66000000,-0.08000000,-0.10470000,0.09160000,104.20000000,0.00000000,0.91090000,39.96277130,116.30505510,43.91881030,0.98000000,-0.55000000,-57.28000000
0.07000000,-0.66000000,-0.02000000,0.37010000,-0.70680000,105.80000000,0.00000000,0.91090000,39.96277110,116.30505520,43.91896420,0.88000000,-0.67000000,-57.35000000
0.08000000,-0.68000000,-0.06000000,0.73180000,0.48720000,105.00000000,0.00000000,0.91090000,39.96277080,116.30505520,43.91898390,0.73000000,-0.70000000,-57.41000000
0.08000000,-0.68000000,0.00000000,1.07810000,-0.23990000,106.80000000,0.00000000,0.91090000,39.96277050,116.30505530,43.91873850,0.75000000,-0.76000000,-57.46000000
0.05000000,-0.70000000,-0.04000000,-0.14990000,-0.18670000,109.80000000,0.00000000,0.91090000,39.96277020,116.30505530,43.91811700,1.05000000,-0.71000000,-57.22000000
0.06000000,-0.69000000,-0.09000000,1.38840000,-0.10790000,103.80000000,0.00000000,0.91090000,39.96277010,116.30505530,43.91764510,1.32000000,-0.80000000,-57.19000000
0.15000000,-0.65000000,0.00000000,1.74400000,1.13770000,107.80000000,0.00000000,0.91090000,39.96276980,116.30505540,43.91659550,0.91000000,-0.86000000,-57.25000000
0.12000000,-0.67000000,-0.05000000,-1.05520000,-0.98130000,106.10000000,0.00000000,0.91090000,39.96276950,116.30505540,43.91597730,0.22000000,-0.70000000,-57.19000000
0.05000000,-0.69000000,-0.05000000,-1.13540000,-0.17610000,105.80000000,0.00000000,0.91090000,39.96276920,116.30505550,43.91532680,0.28000000,-0.74000000,-57.07000000
0.06000000,-0.70000000,-0.09000000,0.82820000,-0.64370000,109.90000000,0.00000000,0.91090000,39.96276890,116.30505550,43.91459430,0.66000000,-0.91000000,-56.82000000
0.11000000,-0.67000000,-0.07000000,3.12270000,1.10510000,106.30000000,0.00000000,0.90180000,39.96276880,116.30505550,43.91436040,0.71000000,-0.97000000,-56.74000000
0.10000000,-0.66000000,-0.05000000,-0.70430000,0.88730000,108.80000000,0.00000000,0.91090000,39.96276840,116.30505550,43.91411650,0.09000000,-0.85000000,-56.55000000
0.05000000,-0.70000000,-0.03000000,-0.91190000,-0.09620000,109.40000000,0.00000000,0.91090000,39.96276810,116.30505560,43.91364390,0.16000000,-0.83000000,-56.33000000
0.07000000,-0.67000000,-0.09000000,0.18420000,0.51000000,101.00000000,0.00000000,0.91990000,39.96276780,116.30505560,43.91388120,0.56000000,-0.69000000,-56.05000000
0.09000000,-0.63000000,-0.05000000,1.13440000,-0.04670000,106.30000000,0.00000000,0.91990000,39.96276770,116.30505560,43.91407970,0.49000000,-0.81000000,-55.89000000
0.06000000,-0.65000000,-0.01000000,-0.76290000,0.54420000,103.30000000,0.01300000,0.91990000,39.96276740,116.30505560,43.91514670,0.22000000,-0.98000000,-55.45000000
0.06000000,-0.67000000,-0.11000000,0.32200000,0.06250000,101.10000000,0.03330000,0.91990000,39.96276710,116.30505570,43.91610460,0.48000000,-0.99000000,-55.01000000
0.08000000,-0.64000000,-0.12000000,-0.43340000,-0.46450000,101.10000000,0.07030000,0.91090000,39.96276680,116.30505570,43.91646030,0.53000000,-0.97000000,-54.69000000
0.09000000,-0.64000000,-0.09000000,-1.48820000,-0.16820000,101.50000000,0.12770000,0.91990000,39.96276660,116.30505570,43.91636610,0.37000000,-0.94000000,-54.34000000
0.07000000,-0.63000000,0.04000000,0.00040000,-1.96280000,102.10000000,0.15260000,0.91090000,39.96276640,116.30505570,43.91585210,0.39000000,-0.95000000,-54.03000000
0.03000000,-0.66000000,0.05000000,0.43040000,0.78140000,104.20000000,0.17110000,0.91090000,39.96276620,116.30505570,43.91383890,0.61000000,-1.14000000,-53.09000000
0.08000000,-0.64000000,0.05000000,0.85970000,0.60930000,104.70000000,0.17850000,0.90180000,39.96276590,116.30505570,43.91203930,1.03000000,-1.04000000,-52.08000000
0.09000000,-0.60000000,0.09000000,0.36010000,-1.17070000,102.30000000,0.18320000,0.90180000,39.96276570,116.30505580,43.91153180,0.90000000,-1.12000000,-51.51000000
0.08000000,-0.62000000,0.08000000,0.31730000,-0.42480000,103.30000000,0.18870000,0.90180000,39.96276550,116.30505580,43.91139190,0.83000000,-1.14000000,-50.82000000
0.06000000,-0.62000000,0.13000000,0.48270000,1.11280000,101.70000000,0.20070000,0.90180000,39.96276520,116.30505580,43.91047720,1.09000000,-1.17000000,-49.94000000
0.10000000,-0.61000000,0.11000000,-0.00150000,-0.16690000,100.70000000,0.21180000,0.90180000,39.96276490,116.30505580,43.90897990,1.18000000,-1.06000000,-49.02000000
0.12000000,-0.57000000,0.13000000,-0.76690000,-0.39710000,101.10000000,0.21830000,0.90180000,39.96276470,116.30505590,43.90800540,0.89000000,-0.95000000,-48.20000000
0.08000000,-0.59000000,0.15000000,-0.49950000,-1.55710000,99.00000000,0.21460000,0.90180000,39.96276450,116.30505590,43.90760830,0.80000000,-1.00000000,-47.66000000
0.08000000,-0.59000000,0.18000000,-0.19410000,-2.18780000,96.40000000,0.21180000,0.90180000,39.96276430,116.30505590,43.90734990,0.84000000,-0.99000000,-46.77000000
0.09000000,-0.58000000,0.12000000,0.39140000,0.55100000,99.00000000,0.20540000,0.90180000,39.96276400,116.30505600,43.90730320,0.92000000,-0.81000000,-45.89000000
0.08000000,-0.59000000,0.17000000,-1.03990000,-1.38020000,99.60000000,0.20350000,0.90180000,39.96276370,116.30505600,43.90680140,0.91000000,-0.62000000,-44.96000000
0.10000000,-0.57000000,0.10000000,1.14300000,-0.23580000,99.90000000,0.19700000,0.90180000,39.96276360,116.30505610,43.90625450,1.08000000,-0.63000000,-44.57000000
0.11000000,-0.56000000,0.15000000,0.42570000,0.09170000,98.60000000,0.19240000,0.90180000,39.96276330,116.30505610,43.90539990,1.10000000,-0.52000000,-43.85000000
0.07000000,-0.56000000,0.14000000,-0.04200000,1.23410000,106.70000000,0.19150000,0.90180000,39.96276300,116.30505620,43.90448660,1.12000000,-0.55000000,-42.95000000
0.12000000,-0.56000000,0.11000000,0.55210000,-1.05430000,102.20000000,0.19150000,0.90180000,39.96276280,116.30505630,43.90328290,1.26000000,-0.67000000,-42.00000000
0.13000000,-0.56000000,0.11000000,0.25290000,-0.19150000,105.70000000,0.19150000,0.90180000,39.96276270,116.30505630,43.90257800,1.20000000,-0.67000000,-41.52000000
0.12000000,-0.55000000,0.08000000,0.48280000,-0.50300000,107.10000000,0.19330000,0.90180000,39.96276250,116.30505640,43.90116190,1.13000000,-0.60000000,-40.77000000
0.15000000,-0.54000000,0.08000000,0.72390000,0.81350000,109.20000000,0.19890000,0.90180000,39.96276220,116.30505650,43.89974960,1.07000000,-0.55000000,-39.92000000
0.14000000,-0.56000000,0.10000000,0.57840000,0.73330000,109.40000000,0.19700000,0.91090000,39.96276200,116.30505660,43.89899450,0.90000000,-0.35000000,-39.31000000
0.12000000,-0.57000000,0.13000000,-1.13110000,-0.49080000,103.80000000,0.17480000,0.90180000,39.96276170,116.30505670,43.89816600,1.06000000,-0.26000000,-38.86000000
0.15000000,-0.55000000,0.08000000,1.39880000,0.89880000,111.50000000,0.14430000,0.84720000,39.96276150,116.30505670,43.89766990,1.19000000,-0.34000000,-38.68000000
0.18000000,-0.50000000,0.02000000,1.94940000,0.20890000,106.30000000,0.08510000,0.31090000,39.96276130,116.30505690,43.89657060,0.74000000,-0.30000000,-38.44000000
0.13000000,-0.49000000,0.03000000,-2.03750000,-0.66960000,90.90000000,0.02960000,0.00000000,39.96276100,116.30505700,43.89608270,0.07000000,0.19000000,-38.20000000
0.01000000,-0.51000000,0.06000000,-2.14670000,-1.88860000,83.30000000,0.00280000,0.00000000,39.96276080,116.30505700,43.89557790,0.22000000,0.16000000,-38.15000000
-0.03000000,-0.51000000,0.02000000,0.57020000,-0.49470000,84.70000000,0.00000000,0.00000000,39.96276060,116.30505700,43.89525640,0.70000000,-0.10000000,-38.27000000
0.01000000,-0.43000000,0.03000000,1.28990000,1.77930000,73.20000000,0.00000000,0.00000000,39.96276040,116.30505700,43.89476290,1.17000000,-0.26000000,-38.57000000
-0.01000000,-0.42000000,0.03000000,0.12210000,0.12990000,65.30000000,0.00000000,0.00000000,39.96276020,116.30505700,43.89441580,0.93000000,-0.08000000,-38.90000000
-0.05000000,-0.40000000,-0.01000000,0.61380000,-0.39420000,67.80000000,0.00000000,0.00000000,39.96275990,116.30505700,43.89361800,0.96000000,0.08000000,-39.28000000
-0.08000000,-0.35000000,-0.04000000,-0.42080000,-0.02150000,56.70000000,0.00000000,0.00000000,39.96275970,116.30505700,43.89323170,1.01000000,0.08000000,-39.55000000
-0.12000000,-0.33000000,-0.04000000,-0.11880000,0.08740000,46.50000000,0.00000000,0.00000000,39.96275960,116.30505700,43.89305820,1.03000000,0.03000000,-39.73000000
-0.15000000,-0.30000000,0.01000000,0.06450000,0.43480000,39.10000000,0.00000000,0.00000000,39.96275950,116.30505690,43.89285460,0.99000000,-0.22000000,-40.02000000
-0.16000000,-0.28000000,-0.01000000,-0.61090000,-0.12910000,32.00000000,0.00000000,0.00000000,39.96275930,116.30505680,43.89258120,0.94000000,-0.25000000,-40.24000000
-0.18000000,-0.27000000,-0.00000000,-0.01480000,-0.09930000,25.70000000,0.00000000,0.00000000,39.96275920,116.30505670,43.89212260,0.92000000,-0.26000000,-40.34000000
-0.20000000,-0.25000000,-0.00000000,-0.27890000,0.12270000,23.60000000,0.00000000,0.00000000,39.96275910,116.30505660,43.89129020,0.88000000,-0.24000000,-40.68000000
-0.22000000,-0.22000000,0.01000000,-0.34380000,0.74990000,15.30000000,0.00000000,-0.04720000,39.96275900,116.30505660,43.89092320,0.87000000,-0.24000000,-41.65000000
-0.23000000,-0.19000000,0.01000000,-0.25760000,0.73070000,12.50000000,0.00000000,-0.13810000,39.96275890,116.30505650,43.89065620,0.84000000,-0.24000000,-42.45000000
-0.25000000,-0.15000000,0.01000000,-0.23630000,0.47670000,6.50000000,0.00000000,-0.21990000,39.96275890,116.30505640,43.89038350,0.83000000,-0.23000000,-43.42000000
-0.26000000,-0.13000000,0.00000000,-0.64570000,0.65700000,-0.30000000,0.00000000,-0.28360000,39.96275890,116.30505640,43.89031910,0.82000000,-0.21000000,-43.90000000
-0.27000000,-0.10000000,0.01000000,-0.00850000,0.26960000,-5.00000000,0.00000000,-0.33810000,39.96275880,116.30505630,43.89020380,0.81000000,-0.25000000,-44.80000000
-0.26000000,-0.08000000,0.00000000,-0.41040000,-0.11280000,-7.50000000,0.00000000,-0.42900000,39.96275880,116.30505620,43.89063640,0.80000000,-0.28000000,-46.45000000
-0.25000000,-0.05000000,0.01000000,-0.14290000,0.04520000,-11.30000000,0.00000000,-0.47450000,39.96275890,116.30505620,43.89105670,0.80000000,-0.27000000,-48.06000000
-0.24000000,-0.04000000,0.00000000,-0.14520000,0.09800000,-14.10000000,0.00000000,-0.45630000,39.96275890,116.30505620,43.89129680,0.80000000,-0.26000000,-48.89000000
-0.23000000,-0.02000000,-0.00000000,0.38960000,-0.40350000,-13.90000000,0.00000000,-0.34720000,39.96275890,116.30505620,43.89176010,0.79000000,-0.27000000,-50.51000000
-0.21000000,-0.01000000,0.01000000,-0.04550000,-0.09450000,-12.70000000,0.00000000,-0.33810000,39.96275900,116.30505610,43.89228270,0.78000000,-0.27000000,-51.91000000
-0.18000000,-0.00000000,0.01000000,0.16260000,-0.28610000,-13.80000000,0.00000000,-0.37450000,39.96275910,116.30505620,43.89312840,0.75000000,-0.28000000,-53.68000000
-0.17000000,0.01000000,0.01000000,-0.06370000,-0.02450000,-13.20000000,0.00000000,-0.44720000,39.96275910,116.30505620,43.89386680,0.75000000,-0.26000000,-55.16000000
-0.16000000,0.02000000,-0.01000000,-0.27490000,0.32730000,-15.50000000,0.00000000,-0.53810000,39.96275920,116.30505630,43.89432630,0.75000000,-0.24000000,-56.03000000
-0.14000000,0.03000000,0.00000000,0.07870000,-0.02170000,-14.50000000,0.00000000,-0.55630000,39.96275920,116.30505630,43.89514580,0.75000000,-0.24000000,-57.81000000
-0.13000000,0.04000000,0.01000000,0.19660000,-0.76250000,-14.90000000,0.00000000,-0.54720000,39.96275930,116.30505630,43.89562940,0.78000000,-0.25000000,-58.87000000
-0.12000000,0.06000000,-0.01000000,0.74850000,-0.05540000,-14.60000000,0.00000000,-0.52900000,39.96275940,116.30505640,43.89560310,0.86000000,-0.24000000,-59.88000000
-0.11000000,0.07000000,-0.00000000,-0.19120000,-0.07380000,-16.30000000,0.00000000,-0.52900000,39.96275940,116.30505640,43.89561410,0.85000000,-0.21000000,-60.38000000
-0.10000000,0.08000000,0.02000000,-0.01350000,-0.37190000,-18.00000000,0.00000000,-0.54720000,39.96275950,116.30505640,43.89553670,0.84000000,-0.16000000,-61.35000000
-0.09000000,0.10000000,0.02000000,-0.15950000,0.60250000,-21.80000000,0.00000000,-0.53810000,39.96275960,116.30505650,43.89553650,0.77000000,-0.05000000,-62.29000000
-0.08000000,0.12000000,0.01000000,-0.35520000,0.51190000,-21.80000000,0.00000000,-0.52900000,39.96275970,116.30505650,43.89542300,0.66000000,0.00000000,-62.95000000
-0.08000000,0.13000000,0.01000000,-0.18150000,0.26650000,-21.90000000,0.00000000,-0.52900000,39.96275980,116.30505650,43.89511870,0.59000000,0.01000000,-63.39000000
-0.07000000,0.13000000,0.02000000,-0.16280000,0.60910000,-24.50000000,0.00000000,-0.60180000,39.96275980,116.30505650,43.89496160,0.54000000,0.04000000,-63.65000000
-0.08000000,0.14000000,0.03000000,-0.27470000,-0.24190000,-24.20000000,0.00000000,-0.84720000,39.96275990,116.30505660,43.89471260,0.49000000,0.09000000,-64.21000000
-0.08000000,0.17000000,0.01000000,0.37020000,0.69730000,-32.50000000,0.00000000,-0.89270000,39.96276000,116.30505660,43.89456380,0.55000000,0.17000000,-64.75000000
-0.07000000,0.18000000,0.02000000,0.55040000,0.74870000,-30.60000000,0.00000000,-0.83810000,39.96276010,116.30505660,43.89463130,0.58000000,0.12000000,-65.19000000
-0.06000000,0.18000000,0.02000000,0.37730000,0.54550000,-28.70000000,0.00000000,-0.82900000,39.96276020,116.30505660,43.89474060,0.53000000,0.12000000,-65.33000000
-0.05000000,0.19000000,-0.01000000,0.27600000,-0.47320000,-30.50000000,0.00000000,-0.82900000,39.96276030,116.30505670,43.89468820,0.40000000,0.04000000,-65.63000000
-0.05000000,0.19000000,-0.00000000,-0.65820000,0.27370000,-33.40000000,0.00000000,-0.82900000,39.96276040,116.30505670,43.89470570,0.29000000,-0.02000000,-65.94000000
-0.05000000,0.18000000,0.01000000,0.78190000,-0.62800000,-35.00000000,0.00000000,-0.79270000,39.96276050,116.30505670,43.89448980,0.34000000,0.04000000,-66.26000000
-0.05000000,0.19000000,0.02000000,0.19880000,0.37880000,-33.70000000,0.00000000,-0.73810000,39.96276050,116.30505670,43.89452220,0.37000000,0.08000000,-66.31000000
-0.03000000,0.20000000,0.01000000,0.30450000,0.04250000,-32.90000000,0.00000000,-0.69270000,39.96276060,116.30505670,43.89440300,0.37000000,0.06000000,-66.37000000
-0.02000000,0.19000000,0.02000000,-0.27000000,-1.14670000,-33.50000000,0.00000000,-0.67450000,39.96276070,116.30505670,43.89442820,0.29000000,0.02000000,-66.44000000
-0.02000000,0.19000000,0.02000000,0.55650000,0.46820000,-31.00000000,0.00000000,-0.67450000,39.96276080,116.30505680,43.89430940,0.22000000,0.01000000,-66.50000000
-0.01000000,0.18000000,-0.00000000,0.38150000,0.65210000,-26.60000000,0.00000000,-0.67450000,39.96276090,116.30505680,43.89424800,0.19000000,0.03000000,-66.53000000
-0.00000000,0.18000000,0.02000000,0.32500000,0.10360000,-28.80000000,0.00000000,-0.68360000,39.96276090,116.30505680,43.89400920,0.10000000,0.03000000,-66.58000000
0.01000000,0.18000000,-0.00000000,0.00520000,-0.14660000,-30.10000000,0.00000000,-0.66540000,39.96276100,116.30505680,43.89424230,-0.09000000,0.07000000,-66.61000000
0.00000000,0.20000000,0.04000000,-0.78780000,0.69760000,-33.30000000,-0.00280000,-0.65630000,39.96276110,116.30505690,43.89431280,-0.27000000,0.18000000,-66.66000000
0.00000000,0.21000000,0.03000000,-0.27740000,0.59930000,-29.50000000,-0.01110000,-0.64720000,39.96276120,116.30505690,43.89419310,-0.30000000,0.17000000,-66.66000000
-0.01000000,0.20000000,-0.02000000,-0.02520000,-0.52170000,-33.70000000,-0.03420000,-0.61990000,39.96276130,116.30505690,43.89423180,-0.28000000,0.13000000,-66.77000000
0.00000000,0.20000000,0.01000000,0.84330000,-1.32450000,-34.80000000,-0.04900000,-0.58360000,39.96276140,116.30505690,43.89465230,-0.13000000,0.09000000,-66.85000000
0.02000000,0.19000000,0.01000000,0.47120000,-1.12650000,-35.60000000,-0.01850000,-0.52900000,39.96276150,116.30505700,43.89541640,-0.04000000,0.06000000,-66.82000000
0.03000000,0.17000000,0.01000000,-0.31580000,0.31390000,-31.80000000,0.00000000,-0.38360000,39.96276160,116.30505700,43.89618660,-0.00000000,0.05000000,-66.79000000
0.03000000,0.16000000,0.04000000,-0.03200000,0.15770000,-25.20000000,0.00000000,-0.32900000,39.96276160,116.30505700,43.89658610,0.08000000,0.08000000,-66.77000000
0.06000000,0.15000000,-0.01000000,0.45620000,-0.15380000,-24.50000000,0.00000000,-0.29270000,39.96276170,116.30505710,43.89727620,0.12000000,0.04000000,-66.72000000
0.06000000,0.13000000,0.02000000,0.15970000,-0.64680000,-19.40000000,0.01200000,-0.28360000,39.96276180,116.30505710,43.89773880,0.11000000,0.01000000,-66.71000000
0.08000000,0.11000000,0.03000000,0.36210000,-0.25180000,-19.40000000,0.05460000,-0.29270000,39.96276180,116.30505710,43.89787290,0.15000000,-0.02000000,-66.69000000
0.08000000,0.11000000,0.02000000,0.33560000,0.08530000,-15.30000000,0.09530000,-0.36540000,39.96276190,116.30505720,43.89794110,0.17000000,-0.00000000,-66.65000000
0.09000000,0.09000000,0.02000000,0.14120000,-0.09330000,-13.80000000,0.14710000,-0.59270000,39.96276190,116.30505720,43.89817190,0.22000000,-0.02000000,-66.61000000
0.09000000,0.10000000,0.01000000,0.30530000,-0.05320000,-13.80000000,0.19890000,-0.86540000,39.96276200,116.30505720,43.89837110,0.27000000,0.00000000,-66.57000000
0.08000000,0.13000000,0.02000000,0.18840000,0.39470000,-20.10000000,0.23590000,-1.11990000,39.96276200,116.30505730,43.89867210,0.35000000,0.04000000,-66.57000000
0.06000000,0.17000000,0.02000000,0.04600000,0.28830000,-22.90000000,0.27200000,-1.22900000,39.96276210,116.30505730,43.89894390,0.48000000,0.08000000,-66.61000000
0.06000000,0.19000000,0.02000000,-0.49450000,0.62740000,-29.10000000,0.27940000,-1.17450000,39.96276210,116.30505730,43.89912050,0.51000000,0.11000000,-66.65000000
0.04000000,0.22000000,-0.02000000,0.20250000,-0.13370000,-36.50000000,0.27100000,-1.07450000,39.96276220,116.30505730,43.89918950,0.51000000,0.10000000,-66.77000000
0.03000000,0.24000000,-0.04000000,0.22500000,0.42550000,-39.80000000,0.24980000,-1.00180000,39.96276230,116.30505730,43.89915740,0.57000000,-0.08000000,-66.97000000
0.04000000,0.25000000,-0.07000000,-0.17810000,0.68860000,-43.20000000,0.22660000,-0.98360000,39.96276240,116.30505730,43.89935680,0.55000000,-0.08000000,-67.27000000
0.02000000,0.27000000,-0.05000000,-0.49520000,0.50230000,-42.30000000,0.22290000,-1.01990000,39.96276250,116.30505730,43.89927190,0.55000000,-0.05000000,-67.46000000
0.00000000,0.28000000,-0.02000000,-0.56360000,-0.10150000,-50.60000000,0.23310000,-1.02900000,39.96276260,116.30505720,43.89874900,0.69000000,-0.19000000,-67.85000000
0.02000000,0.31000000,-0.08000000,0.45890000,0.35580000,-50.50000000,0.22850000,-1.01990000,39.96276280,116.30505720,43.89872830,0.83000000,-0.27000000,-68.20000000
0.02000000,0.32000000,-0.08000000,-0.33510000,0.87210000,-51.70000000,0.19610000,-0.99270000,39.96276290,116.30505710,43.89884940,0.77000000,-0.24000000,-68.52000000
-0.00000000,0.34000000,-0.08000000,0.14040000,0.47130000,-57.30000000,0.17210000,-0.97450000,39.96276310,116.30505710,43.89834370,0.73000000,-0.21000000,-68.96000000
-0.01000000,0.35000000,-0.07000000,-0.08210000,-0.02360000,-57.30000000,0.16650000,-0.96540000,39.96276310,116.30505700,43.89797780,0.76000000,-0.19000000,-69.23000000
-0.01000000,0.36000000,-0.05000000,0.13800000,-0.68610000,-64.40000000,0.17480000,-0.96540000,39.96276330,116.30505700,43.89735930,0.80000000,-0.28000000,-69.70000000
-0.00000000,0.38000000,-0.07000000,0.00500000,-0.19840000,-64.00000000,0.15630000,-0.93810000,39.96276350,116.30505690,43.89684650,0.72000000,-0.47000000,-70.13000000
0.01000000,0.37000000,-0.08000000,-0.18200000,1.01650000,-64.70000000,0.14990000,-0.92900000,39.96276360,116.30505690,43.89662450,0.69000000,-0.40000000,-70.37000000
-0.00000000,0.38000000,-0.08000000,-0.72040000,0.77500000,-64.70000000,0.14620000,-0.92900000,39.96276380,116.30505680,43.89572050,0.52000000,-0.23000000,-70.78000000
-0.02000000,0.40000000,-0.03000000,0.46510000,-1.43030000,-72.20000000,0.14520000,-0.93810000,39.96276400,116.30505680,43.89426180,0.37000000,-0.29000000,-71.22000000
-0.02000000,0.42000000,-0.03000000,0.84560000,0.17290000,-74.50000000,0.14060000,-0.93810000,39.96276420,116.30505670,43.89365560,0.41000000,-0.39000000,-71.51000000
-0.02000000,0.44000000,-0.05000000,0.13250000,0.22550000,-74.30000000,0.12670000,-0.95630000,39.96276440,116.30505660,43.89313810,0.34000000,-0.47000000,-71.82000000
-0.02000000,0.44000000,-0.06000000,-0.58930000,0.29200000,-73.50000000,0.09440000,-0.94720000,39.96276450,116.30505660,43.89281300,0.30000000,-0.47000000,-72.04000000
-0.03000000,0.44000000,-0.07000000,-0.06750000,0.37320000,-79.80000000,0.06850000,-0.92900000,39.96276470,116.30505650,43.89238950,0.32000000,-0.51000000,-72.43000000
-0.02000000,0.46000000,-0.08000000,0.56410000,-1.85740000,-80.20000000,0.05180000,-0.91090000,39.96276490,116.30505650,43.89187670,0.35000000,-0.73000000,-72.92000000
-0.02000000,0.47000000,-0.03000000,0.25210000,-0.15140000,-78.80000000,0.04260000,-0.91990000,39.96276510,116.30505640,43.89140740,0.24000000,-0.93000000,-73.36000000
-0.00000000,0.46000000,-0.01000000,0.13710000,0.75690000,-80.70000000,0.04720000,-0.94720000,39.96276530,116.30505640,43.89150080,0.21000000,-0.81000000,-73.45000000
-0.04000000,0.47000000,-0.03000000,-1.11990000,-1.21320000,-82.10000000,0.05920000,-0.97450000,39.96276550,116.30505630,43.89147870,0.12000000,-0.80000000,-73.75000000
-0.04000000,0.48000000,0.00000000,-0.05260000,-1.16600000,-83.70000000,0.06200000,-0.98360000,39.96276570,116.30505620,43.89165240,0.32000000,-0.88000000,-73.96000000
-0.05000000,0.49000000,0.05000000,2.05540000,0.85630000,-83.20000000,0.06200000,-0.98360000,39.96276600,116.30505610,43.89192550,0.62000000,-1.02000000,-74.08000000
0.00000000,0.50000000,-0.04000000,0.73930000,-0.24730000,-90.60000000,0.05830000,-0.94720000,39.96276620,116.30505610,43.89223600,0.37000000,-0.82000000,-74.21000000
0.00000000,0.51000000,-0.01000000,-1.32610000,0.30150000,-87.30000000,0.05550000,-0.93810000,39.96276630,116.30505610,43.89216100,0.17000000,-0.80000000,-74.31000000
-0.05000000,0.50000000,-0.03000000,-0.64060000,-1.91220000,-91.40000000,0.05460000,-0.91990000,39.96276650,116.30505600,43.89189920,-0.00000000,-0.99000000,-74.61000000
-0.05000000,0.50000000,0.02000000,0.23230000,-0.90160000,-87.90000000,0.05550000,-0.91990000,39.96276680,116.30505590,43.89215380,0.22000000,-0.98000000,-74.74000000
-0.06000000,0.52000000,0.01000000,-0.27070000,-0.05730000,-86.00000000,0.05550000,-0.91090000,39.96276700,116.30505590,43.89246480,0.29000000,-1.05000000,-74.80000000
-0.02000000,0.50000000,-0.01000000,0.86740000,1.11940000,-90.00000000,0.05460000,-0.91090000,39.96276720,116.30505580,43.89272320,0.34000000,-0.94000000,-74.88000000
-0.03000000,0.51000000,-0.01000000,-1.06800000,-1.15710000,-90.00000000,0.05270000,-0.91990000,39.96276740,116.30505580,43.89324460,0.05000000,-0.97000000,-74.99000000
-0.05000000,0.52000000,-0.05000000,0.18890000,0.40700000,-87.60000000,0.05270000,-0.91990000,39.96276770,116.30505570,43.89319220,0.16000000,-0.87000000,-75.10000000
-0.05000000,0.54000000,-0.01000000,1.24190000,0.43410000,-95.20000000,0.05270000,-0.91990000,39.96276790,116.30505560,43.89218180,0.15000000,-0.94000000,-75.32000000
-0.05000000,0.54000000,-0.05000000,-0.10970000,0.59210000,-94.80000000,0.05270000,-0.91990000,39.96276810,116.30505560,43.89164510,0.15000000,-0.92000000,-75.46000000
-0.05000000,0.52000000,0.00000000,0.17490000,-1.60480000,-95.40000000,0.05270000,-0.91990000,39.96276830,116.30505550,43.89051250,0.23000000,-0.89000000,-75.63000000
-0.03000000,0.55000000,0.01000000,-0.96240000,-0.65930000,-100.20000000,0.05270000,-0.91990000,39.96276860,116.30505550,43.88930670,-0.05000000,-0.76000000,-75.60000000
-0.09000000,0.56000000,-0.02000000,0.56460000,0.29590000,-96.60000000,0.05270000,-0.91990000,39.96276880,116.30505540,43.88760480,0.00000000,-0.86000000,-75.80000000
-0.06000000,0.56000000,-0.00000000,0.60670000,-0.46930000,-98.60000000,0.05270000,-0.91090000,39.96276910,116.30505530,43.88802270,0.23000000,-0.79000000,-75.89000000
-0.05000000,0.56000000,0.00000000,0.00600000,1.04130000,-98.10000000,0.05270000,-0.91090000,39.96276920,116.30505530,43.88872770,0.26000000,-0.70000000,-75.93000000
-0.06000000,0.56000000,0.01000000,-1.32420000,-1.76460000,-97.50000000,0.05180000,-0.90180000,39.96276950,116.30505520,43.88933830,0.11000000,-0.93000000,-76.04000000
-0.06000000,0.56000000,0.03000000,0.18830000,-0.77700000,-104.60000000,0.05000000,-0.91090000,39.96276980,116.30505520,43.89026860,0.24000000,-0.89000000,-76.11000000
-0.06000000,0.56000000,-0.03000000,-0.41390000,0.92990000,-101.70000000,0.04720000,-0.91090000,39.96277000,116.30505510,43.89096050,0.30000000,-0.73000000,-76.16000000
-0.07000000,0.57000000,-0.04000000,-0.47230000,0.65370000,-100.90000000,0.03790000,-0.90180000,39.96277020,116.30505510,43.89183050,0.44000000,-0.70000000,-76.34000000
-0.08000000,0.56000000,-0.05000000,-0.53620000,-0.97400000,-101.90000000,0.03240000,-0.90180000,39.96277050,116.30505500,43.89265090,0.76000000,-0.67000000,-76.58000000
-0.06000000,0.58000000,-0.02000000,-0.49180000,-1.53610000,-99.40000000,0.02780000,-0.90180000,39.96277080,116.30505490,43.89307280,0.83000000,-0.88000000,-76.76000000
-0.03000000,0.56000000,0.04000000,0.78630000,-0.29540000,-105.50000000,0.02680000,-0.90180000,39.96277100,116.30505490,43.89435300,0.73000000,-0.93000000,-76.87000000
-0.02000000,0.56000000,-0.01000000,-0.22600000,1.53020000,-99.60000000,0.02680000,-0.89270000,39.96277120,116.30505490,43.89522550,0.55000000,-0.72000000,-76.90000000
-0.04000000,0.57000000,-0.02000000,-0.62290000,1.01950000,-101.30000000,0.02680000,-0.89270000,39.96277140,116.30505480,43.89600190,0.40000000,-0.65000000,-76.99000000
-0.04000000,0.56000000,-0.05000000,0.07860000,-0.92050000,-101.70000000,0.02590000,-0.89270000,39.96277170,116.30505480,43.89663800,0.57000000,-0.69000000,-77.17000000
-0.05000000,0.57000000,0.00000000,0.04740000,-0.49010000,-92.90000000,0.02590000,-0.89270000,39.96277200,116.30505470,43.89771900,0.57000000,-0.70000000,-77.12000000
-0.04000000,0.58000000,-0.00000000,-0.55730000,0.45070000,-100.50000000,0.02500000,-0.88360000,39.96277220,116.30505470,43.89798670,0.47000000,-0.71000000,-77.17000000
-0.03000000,0.55000000,-0.03000000,-1.14280000,-2.11030000,-102.70000000,0.02220000,-0.87450000,39.96277250,116.30505470,43.89869120,0.14000000,-0.57000000,-77.26000000
-0.06000000,0.56000000,0.03000000,-0.51640000,-0.85660000,-97.70000000,0.01850000,-0.85630000,39.96277270,116.30505460,43.89967860,0.20000000,-0.44000000,-77.31000000
-0.05000000,0.58000000,0.03000000,0.84930000,-0.60800000,-102.80000000,0.01390000,-0.84720000,39.96277300,116.30505460,43.90063320,0.33000000,-0.59000000,-77.32000000
-0.07000000,0.56000000,-0.02000000,-0.67720000,-0.81580000,-97.50000000,0.00830000,-0.84720000,39.96277330,116.30505450,43.90145010,0.36000000,-0.52000000,-77.41000000
-0.07000000,0.56000000,-0.01000000,-0.54220000,0.60850000,-99.20000000,0.00560000,-0.84720000,39.96277340,116.30505450,43.90209510,0.55000000,-0.34000000,-77.43000000
-0.04000000,0.56000000,-0.00000000,1.08050000,-1.49940000,-103.00000000,0.00460000,-0.84720000,39.96277370,116.30505440,43.90337150,0.66000000,-0.45000000,-77.43000000
-0.03000000,0.59000000,0.04000000,-1.44040000,-1.19430000,-100.00000000,0.00280000,-0.86540000,39.96277400,116.30505440,43.90473550,0.42000000,-0.53000000,-77.41000000
-0.03000000,0.59000000,0.06000000,0.52980000,-0.04460000,-102.10000000,0.00280000,-0.87450000,39.96277430,116.30505440,43.90566150,0.26000000,-0.75000000,-77.35000000
-0.05000000,0.58000000,-0.02000000,-0.82890000,-0.10440000,-105.10000000,0.00280000,-0.89270000,39.96277450,116.30505430,43.90592470,0.23000000,-0.69000000,-77.32000000
-0.08000000,0.57000000,0.08000000,-0.31820000,-1.62900000,-103.00000000,0.00370000,-0.89270000,39.96277480,116.30505430,43.90675190,0.50000000,-0.68000000,-77.37000000
-0.06000000,0.60000000,0.05000000,1.02000000,-0.63090000,-98.50000000,0.00460000,-0.89270000,39.96277510,116.30505420,43.90810470,0.66000000,-0.97000000,-77.22000000
-0.03000000,0.59000000,0.07000000,0.67110000,0.59970000,-105.50000000,0.00560000,-0.90180000,39.96277540,116.30505420,43.90900140,0.43000000,-1.00000000,-77.14000000
-0.04000000,0.58000000,-0.02000000,-0.87020000,-0.00730000,-96.30000000,0.00560000,-0.91990000,39.96277560,116.30505420,43.90975330,0.21000000,-0.95000000,-77.09000000
-0.06000000,0.57000000,0.03000000,-0.30260000,0.92840000,-100.20000000,0.00560000,-0.91990000,39.96277580,116.30505420,43.91023030,0.23000000,-0.80000000,-77.09000000
-0.07000000,0.58000000,0.01000000,-0.06840000,-0.99120000,-102.50000000,0.00560000,-0.91990000,39.96277610,116.30505410,43.91012800,0.50000000,-0.80000000,-77.07000000
-0.05000000,0.60000000,0.08000000,-0.43510000,0.59020000,-100.80000000,0.00560000,-0.91990000,39.96277640,116.30505410,43.91015700,0.64000000,-0.81000000,-76.97000000
-0.06000000,0.62000000,0.05000000,0.29530000,0.43890000,-97.50000000,0.00740000,-0.91990000,39.96277670,116.30505400,43.90965370,0.65000000,-0.97000000,-76.83000000
-0.05000000,0.61000000,0.02000000,1.32320000,1.03120000,-103.20000000,0.00830000,-0.91990000,39.96277680,116.30505400,43.90905060,0.64000000,-1.02000000,-76.77000000
-0.06000000,0.60000000,0.04000000,-1.42810000,-1.15780000,-101.50000000,0.00830000,-0.91990000,39.96277710,116.30505400,43.90836870,0.46000000,-0.95000000,-76.77000000
-0.05000000,0.63000000,0.08000000,1.04670000,1.08010000,-106.50000000,0.00830000,-0.91990000,39.96277750,116.30505390,43.90804300,0.45000000,-1.06000000,-76.62000000
-0.04000000,0.62000000,0.03000000,0.18990000,0.57330000,-106.50000000,0.00830000,-0.91090000,39.96277770,116.30505390,43.90785690,0.24000000,-1.12000000,-76.54000000
-0.07000000,0.60000000,0.00000000,0.71190000,-1.43520000,-107.00000000,0.00650000,-0.91990000,39.96277810,116.30505380,43.90744940,0.22000000,-0.96000000,-76.54000000
-0.07000000,0.60000000,0.04000000,0.10260000,1.09810000,-105.70000000,0.00560000,-0.91990000,39.96277820,116.30505380,43.90726040,0.32000000,-0.82000000,-76.54000000
-0.06000000,0.62000000,0.03000000,0.24780000,-1.25340000,-106.90000000,0.00740000,-0.87450000,39.96277850,116.30505380,43.90618430,0.36000000,-0.71000000,-76.49000000
-0.07000000,0.62000000,0.05000000,-0.04360000,-0.49610000,-101.10000000,0.01110000,-0.81990000,39.96277880,116.30505370,43.90567920,0.15000000,-0.77000000,-76.43000000
-0.08000000,0.62000000,0.01000000,-1.04010000,2.66710000,-105.90000000,0.01200000,-0.77450000,39.96277890,116.30505370,43.90546460,0.14000000,-0.65000000,-76.39000000
-0.06000000,0.62000000,0.04000000,-0.25610000,1.35760000,-104.60000000,0.01200000,-0.76540000,39.96277920,116.30505360,43.90443870,0.40000000,-0.76000000,-76.35000000
-0.08000000,0.59000000,0.00000000,-0.74840000,-2.02580000,-103.60000000,0.00830000,-0.79270000,39.96277950,116.30505360,43.90419180,0.58000000,-0.80000000,-76.35000000
-0.06000000,0.61000000,0.00000000,0.23380000,0.29810000,-102.10000000,0.00460000,-0.81090000,39.96277980,116.30505350,43.90454580,0.74000000,-0.81000000,-76.31000000
-0.05000000,0.62000000,0.02000000,-0.42320000,1.18600000,-104.80000000,0.00460000,-0.77450000,39.96278000,116.30505350,43.90443180,0.68000000,-0.80000000,-76.30000000
-0.05000000,0.61000000,-0.00000000,-0.41410000,0.96130000,-101.00000000,0.00460000,-0.77450000,39.96278020,116.30505350,43.90408280,0.58000000,-0.86000000,-76.27000000
-0.07000000,0.60000000,0.03000000,0.13520000,-1.86660000,-106.90000000,0.00370000,-0.77450000,39.96278060,116.30505340,43.90357160,0.72000000,-0.77000000,-76.27000000
-0.05000000,0.59000000,0.03000000,-0.02360000,-0.84960000,-104.40000000,0.00280000,-0.77450000,39.96278080,116.30505340,43.90403710,0.74000000,-0.74000000,-76.14000000
-0.06000000,0.60000000,0.05000000,0.27500000,1.61910000,-102.30000000,0.00280000,-0.77450000,39.96278110,116.30505330,43.90588470,0.71000000,-0.81000000,-76.01000000
-0.05000000,0.59000000,0.02000000,-0.13320000,1.29140000,-99.20000000,0.00280000,-0.77450000,39.96278130,116.30505330,43.90674040,0.68000000,-0.80000000,-75.94000000
-0.04000000,0.57000000,0.01000000,1.08980000,-1.91080000,-97.50000000,0.00280000,-0.77450000,39.96278160,116.30505330,43.90764860,0.52000000,-0.79000000,-75.87000000
-0.03000000,0.55000000,0.04000000,-0.44490000,-0.45170000,-85.60000000,0.00190000,-0.75630000,39.96278180,116.30505330,43.90851070,0.34000000,-0.81000000,-75.88000000
-0.04000000,0.55000000,0.03000000,-0.05310000,-0.17780000,-89.80000000,0.00190000,-0.73810000,39.96278210,116.30505320,43.90983800,0.25000000,-0.87000000,-75.74000000
-0.05000000,0.53000000,-0.02000000,-0.31970000,0.60660000,-88.70000000,0.00190000,-0.68360000,39.96278220,116.30505320,43.91067360,0.30000000,-0.79000000,-75.76000000
-0.08000000,0.52000000,0.03000000,-0.16290000,-1.13830000,-90.20000000,0.00090000,-0.65630000,39.96278250,116.30505320,43.91175300,0.70000000,-0.80000000,-75.81000000
-0.05000000,0.52000000,0.04000000,-0.04610000,-1.17080000,-88.30000000,0.00000000,-0.62900000,39.96278270,116.30505310,43.91232340,0.91000000,-0.81000000,-75.77000000
-0.03000000,0.52000000,0.03000000,0.17280000,-1.97500000,-85.80000000,0.00000000,-0.63810000,39.96278300,116.30505310,43.91264660,0.86000000,-0.80000000,-75.76000000
-0.05000000,0.52000000,0.03000000,0.08020000,-0.06770000,-81.80000000,0.00000000,-0.63810000,39.96278320,116.30505300,43.91277720,0.86000000,-0.87000000,-75.82000000
-0.04000000,0.51000000,0.07000000,0.29700000,1.37400000,-85.10000000,0.00000000,-0.65630000,39.96278330,116.30505300,43.91306020,0.91000000,-0.86000000,-75.76000000
-0.03000000,0.49000000,0.02000000,-0.93480000,-1.45620000,-84.70000000,0.00000000,-0.67450000,39.96278360,116.30505300,43.91383460,0.84000000,-0.89000000,-75.65000000
-0.05000000,0.49000000,0.04000000,-0.03640000,0.32850000,-83.70000000,0.00000000,-0.70180000,39.96278380,116.30505290,43.91439120,0.88000000,-0.78000000,-75.65000000
-0.05000000,0.49000000,0.03000000,0.14740000,-0.03110000,-80.90000000,0.00000000,-0.71990000,39.96278400,116.30505290,43.91457690,0.97000000,-0.79000000,-75.60000000
-0.05000000,0.49000000,0.04000000,0.19870000,0.14870000,-80.90000000,0.00000000,-0.71090000,39.96278420,116.30505290,43.91447230,1.03000000,-0.76000000,-75.57000000
-0.02000000,0.48000000,0.04000000,1.24140000,-1.75270000,-83.70000000,0.00000000,-0.72900000,39.96278440,116.30505280,43.91387590,0.96000000,-0.64000000,-75.44000000
-0.02000000,0.48000000,0.07000000,0.35530000,-2.33880000,-83.70000000,0.00000000,-0.71990000,39.96278460,116.30505280,43.91339920,0.66000000,-0.63000000,-75.39000000
-0.02000000,0.47000000,-0.02000000,-0.32450000,0.08980000,-76.20000000,0.00000000,-0.73810000,39.96278480,116.30505280,43.91408960,0.20000000,-0.66000000,-75.20000000
-0.08000000,0.45000000,0.00000000,-0.71440000,0.88760000,-71.40000000,0.00000000,-0.73810000,39.96278500,116.30505280,43.91443660,0.30000000,-0.57000000,-75.27000000
-0.08000000,0.45000000,0.03000000,-0.12330000,0.76630000,-72.20000000,0.00000000,-0.74720000,39.96278510,116.30505270,43.91389930,0.58000000,-0.54000000,-75.26000000
-0.05000000,0.44000000,0.04000000,-0.40330000,-1.15390000,-67.80000000,0.00000000,-0.74720000,39.96278530,116.30505270,43.91262280,0.86000000,-0.53000000,-75.22000000
-0.05000000,0.45000000,0.03000000,0.41390000,0.78450000,-72.20000000,0.00000000,-0.73810000,39.96278560,116.30505260,43.91197300,0.94000000,-0.54000000,-75.18000000
-0.03000000,0.45000000,0.03000000,0.69240000,1.28350000,-71.00000000,0.00000000,-0.73810000,39.96278570,116.30505260,43.91175190,0.92000000,-0.52000000,-75.16000000
-0.03000000,0.45000000,-0.01000000,-0.18730000,0.39120000,-72.20000000,0.00000000,-0.73810000,39.96278590,116.30505260,43.91109750,0.76000000,-0.63000000,-75.19000000
-0.05000000,0.45000000,0.02000000,-1.33290000,-1.42970000,-74.30000000,0.00000000,-0.71990000,39.96278610,116.30505250,43.91007300,0.60000000,-0.78000000,-75.14000000
-0.05000000,0.44000000,0.01000000,-0.41550000,0.41980000,-70.80000000,0.00000000,-0.71090000,39.96278630,116.30505250,43.90941850,0.58000000,-0.81000000,-75.18000000
-0.05000000,0.45000000,0.04000000,1.00900000,0.53700000,-73.60000000,0.00000000,-0.73810000,39.96278650,116.30505250,43.90887920,0.69000000,-0.83000000,-75.16000000
-0.05000000,0.44000000,0.01000000,-0.41740000,0.72870000,-75.10000000,0.00000000,-0.73810000,39.96278660,116.30505240,43.90851810,0.72000000,-0.79000000,-75.14000000
-0.05000000,0.44000000,0.03000000,-0.07210000,0.84070000,-75.20000000,0.00000000,-0.73810000,39.96278680,116.30505240,43.90802940,0.73000000,-0.77000000,-75.10000000
-0.06000000,0.44000000,0.01000000,-0.26010000,-0.61790000,-74.30000000,0.00000000,-0.73810000,39.96278700,116.30505230,43.90734970,0.85000000,-0.79000000,-75.09000000
-0.04000000,0.46000000,0.05000000,1.78810000,0.74780000,-70.50000000,0.00000000,-0.74720000,39.96278720,116.30505230,43.90687410,0.91000000,-0.92000000,-75.05000000
-0.02000000,0.44000000,0.08000000,-0.25010000,0.96220000,-72.40000000,0.00000000,-0.74720000,39.96278730,116.30505230,43.90677530,0.70000000,-0.83000000,-74.95000000
-0.04000000,0.43000000,0.04000000,-0.52230000,-1.19810000,-71.30000000,0.00000000,-0.74720000,39.96278750,116.30505220,43.90643460,0.35000000,-0.66000000,-74.80000000
-0.07000000,0.43000000,0.01000000,-0.49990000,-1.44630000,-71.00000000,0.00000000,-0.73810000,39.96278770,116.30505220,43.90619660,0.33000000,-0.70000000,-74.83000000
-0.06000000,0.42000000,0.02000000,0.06090000,0.81370000,-70.50000000,0.00000000,-0.71990000,39.96278790,116.30505210,43.90669720,0.39000000,-0.83000000,-74.81000000
-0.07000000,0.42000000,0.01000000,0.23910000,0.54650000,-69.50000000,0.00000000,-0.71090000,39.96278800,116.30505200,43.90677800,0.54000000,-0.77000000,-74.83000000
-0.07000000,0.41000000,0.03000000,-0.09970000,0.28540000,-68.40000000,0.00000000,-0.71990000,39.96278810,116.30505200,43.90668170,0.63000000,-0.70000000,-74.82000000
-0.05000000,0.41000000,0.02000000,-0.16360000,-1.32590000,-68.00000000,0.00000000,-0.71990000,39.96278830,116.30505190,43.90664820,0.70000000,-0.68000000,-74.78000000
-0.05000000,0.41000000,0.02000000,-0.45590000,-1.48650000,-65.10000000,0.00000000,-0.72900000,39.96278850,116.30505190,43.90713220,0.61000000,-0.83000000,-74.79000000
-0.07000000,0.40000000,0.02000000,-0.22570000,-0.16080000,-63.60000000,0.00000000,-0.72900000,39.96278870,116.30505180,43.90751150,0.49000000,-1.01000000,-74.78000000
-0.07000000,0.39000000,-0.02000000,0.23350000,0.51050000,-64.40000000,0.00000000,-0.72900000,39.96278880,116.30505180,43.90775950,0.57000000,-0.95000000,-74.81000000
-0.06000000,0.40000000,0.02000000,0.22250000,-1.30140000,-66.30000000,0.00000000,-0.71990000,39.96278900,116.30505170,43.90810690,0.64000000,-0.93000000,-74.88000000
-0.06000000,0.41000000,0.02000000,0.14120000,0.46330000,-63.00000000,0.00000000,-0.71990000,39.96278920,116.30505170,43.90849160,0.65000000,-0.96000000,-74.85000000
-0.07000000,0.41000000,0.01000000,0.01040000,0.46470000,-65.30000000,0.00000000,-0.71090000,39.96278940,116.30505160,43.90877630,0.63000000,-0.99000000,-74.84000000
-0.06000000,0.40000000,0.02000000,-0.70210000,0.67070000,-67.80000000,0.00000000,-0.70180000,39.96278950,116.30505160,43.90891060,0.64000000,-0.95000000,-74.83000000
-0.07000000,0.40000000,0.00000000,-0.56040000,0.43570000,-70.40000000,0.00000000,-0.70180000,39.96278960,116.30505160,43.90903130,0.66000000,-0.91000000,-74.80000000
-0.06000000,0.40000000,0.01000000,-0.11950000,-1.06840000,-67.30000000,0.00000000,-0.69270000,39.96278980,116.30505150,43.90889190,0.71000000,-0.84000000,-74.80000000
-0.06000000,0.41000000,0.04000000,-0.03370000,0.71850000,-65.70000000,0.00000000,-0.68360000,39.96279000,116.30505150,43.90918520,0.59000000,-0.78000000,-74.64000000
-0.08000000,0.40000000,-0.01000000,-0.09490000,0.59070000,-60.90000000,0.00000000,-0.67450000,39.96279010,116.30505140,43.90935580,0.57000000,-0.79000000,-74.64000000
-0.08000000,0.39000000,0.02000000,-0.28030000,-0.04950000,-66.90000000,0.00000000,-0.69270000,39.96279020,116.30505140,43.90897600,0.64000000,-0.73000000,-74.62000000
-0.07000000,0.39000000,0.02000000,-0.06030000,-1.55300000,-67.20000000,0.00000000,-0.69270000,39.96279040,116.30505130,43.90778410,0.66000000,-0.69000000,-74.58000000
-0.07000000,0.40000000,0.00000000,0.09260000,0.20140000,-64.00000000,0.00000000,-0.68360000,39.96279060,116.30505130,43.90678710,0.60000000,-0.66000000,-74.54000000
-0.07000000,0.40000000,0.02000000,-0.09760000,0.25600000,-63.60000000,0.00000000,-0.65630000,39.96279070,116.30505120,43.90645600,0.58000000,-0.63000000,-74.53000000
-0.07000000,0.38000000,0.01000000,-0.72110000,-0.07580000,-60.90000000,0.00000000,-0.61990000,39.96279080,116.30505120,43.90617140,0.48000000,-0.65000000,-74.49000000
-0.06000000,0.38000000,0.03000000,0.46820000,-1.24230000,-59.70000000,0.00000000,-0.57450000,39.96279100,116.30505110,43.90680440,0.56000000,-0.77000000,-74.44000000
-0.06000000,0.36000000,-0.02000000,-0.55500000,-1.55750000,-58.60000000,0.00000000,-0.54720000,39.96279120,116.30505110,43.90771590,0.36000000,-0.84000000,-74.37000000
-0.08000000,0.34000000,-0.01000000,0.30170000,0.81540000,-56.90000000,0.00000000,-0.52900000,39.96279130,116.30505110,43.90924190,0.43000000,-0.77000000,-74.40000000
-0.07000000,0.33000000,0.00000000,0.88360000,-1.24640000,-55.40000000,0.00000000,-0.51090000,39.96279150,116.30505100,43.91050800,0.65000000,-0.81000000,-74.41000000
-0.06000000,0.33000000,0.00000000,0.32780000,-0.32910000,-51.00000000,0.00000000,-0.38360000,39.96279160,116.30505100,43.91084020,0.67000000,-0.82000000,-74.40000000
-0.05000000,0.32000000,0.00000000,-0.03800000,-1.28960000,-50.00000000,0.00000000,-0.27450000,39.96279170,116.30505100,43.91185560,0.62000000,-0.87000000,-74.40000000
-0.05000000,0.29000000,0.00000000,0.09230000,0.18940000,-40.30000000,0.00000000,-0.19270000,39.96279180,116.30505090,43.91308330,0.57000000,-0.91000000,-74.40000000
-0.05000000,0.27000000,-0.00000000,0.44360000,-0.67090000,-36.60000000,0.00000000,-0.08360000,39.96279190,116.30505090,43.91377170,0.60000000,-0.89000000,-74.39000000
-0.04000000,0.23000000,0.02000000,0.02650000,-0.74880000,-41.20000000,0.00000000,-0.01990000,39.96279200,116.30505090,43.91504920,0.62000000,-0.92000000,-74.38000000
-0.03000000,0.20000000,0.02000000,-0.27640000,-0.80590000,-29.30000000,0.00000000,0.00000000,39.96279210,116.30505080,43.91600160,0.62000000,-0.93000000,-74.36000000
-0.02000000,0.17000000,0.00000000,0.33310000,-0.73840000,-22.80000000,0.00000000,0.00000000,39.96279210,116.30505080,43.91663820,0.62000000,-0.92000000,-74.34000000
-0.01000000,0.14000000,0.03000000,-0.04120000,-0.10900000,-20.90000000,0.00000000,0.00000000,39.96279220,116.30505080,43.91747640,0.61000000,-0.96000000,-74.34000000
0.00000000,0.12000000,0.02000000,0.29070000,-0.23880000,-16.30000000,0.00000000,0.00000000,39.96279220,116.30505080,43.91806600,0.57000000,-0.95000000,-74.30000000
0.01000000,0.08000000,-0.00000000,0.24500000,-0.95200000,-11.30000000,0.00000000,0.00000000,39.96279220,116.30505080,43.91908930,0.42000000,-0.95000000,-74.26000000
0.00000000,0.05000000,0.01000000,-0.14810000,-0.50930000,0.20000000,0.00000000,0.00000000,39.96279220,116.30505080,43.91978640,0.39000000,-0.91000000,-74.25000000
0.01000000,0.03000000,-0.00000000,0.06830000,-0.16230000,0.00000000,0.00000000,0.00000000,39.96279220,116.30505080,43.92057410,0.39000000,-0.90000000,-74.23000000
0.01000000,0.02000000,-0.00000000,0.02790000,-0.11690000,2.70000000,0.00000000,0.00000000,39.96279220,116.30505080,43.92096470,0.38000000,-0.90000000,-74.23000000
0.01000000,0.02000000,-0.01000000,-0.05830000,0.06720000,3.30000000,0.00000000,0.00000000,39.96279220,116.30505090,43.92177020,0.38000000,-0.87000000,-74.20000000
0.01000000,0.03000000,0.00000000,0.11660000,0.06420000,2.10000000,0.00000000,0.00000000,39.96279220,116.30505090,43.92263170,0.40000000,-0.86000000,-74.19000000
0.01000000,0.03000000,-0.01000000,-0.02510000,-0.03350000,4.40000000,0.00000000,0.00000000,39.96279220,116.30505090,43.92334420,0.40000000,-0.87000000,-74.18000000
0.01000000,0.03000000,0.00000000,-0.02130000,-0.13470000,3.50000000,0.00000000,0.00000000,39.96279220,116.30505090,43.92412440,0.40000000,-0.88000000,-74.18000000
0.01000000,0.03000000,0.01000000,-0.00420000,0.20270000,3.80000000,0.00000000,0.00000000,39.96279220,116.30505090,43.92459990,0.41000000,-0.87000000,-74.18000000
0.00000000,0.04000000,0.00000000,-0.11480000,0.39860000,1.30000000,0.00000000,0.00000000,39.96279220,116.30505090,43.92554800,0.43000000,-0.85000000,-74.17000000
0.00000000,0.05000000,-0.00000000,-0.13830000,0.06810000,-1.90000000,0.00000000,0.00000000,39.96279220,116.30505090,43.92652310,0.44000000,-0.84000000,-74.16000000
0.00000000,0.05000000,-0.00000000,0.02710000,-0.02950000,-0.20000000,0.00000000,0.00000000,39.96279220,116.30505090,43.92742460,0.44000000,-0.85000000,-74.15000000
0.00000000,0.04000000,-0.00000000,-0.03820000,-0.08660000,-0.30000000,0.00000000,0.00000000,39.96279220,116.30505090,43.92797470,0.44000000,-0.85000000,-74.16000000
